Signal Date,Entry Date,Symbol,Market Cap,Sector,Nifty Open,Nifty Close,Nifty Chg %,Entry Price,Target 1 Price,Target 2 Price,Target 3 Price,Initial SL Price,Final SL Price,Peak High,Peak Gain %,Exit Price,Holding Days,Outcome,Realized Return %,Status
2026-08-31,2026-09-01,MANALIPETC,Smallcap,Energy,24077.55,24055.8,-0.09,84.0,87.36,90.72,94.08,81.9,81.9,88.0,4.76,81.9,2,🛑 SL Hit on Remainder (T1 Booked) (Day 2),0.75,Completed
2026-08-31,2026-09-01,MOREPENLAB,Midcap,Healthcare,24077.55,24055.8,-0.09,106.98,111.26,115.54,119.82,104.31,104.31,110.32,3.12,104.31,1,🛑 Stop Loss Hit (Day 1),-2.5,Completed
2026-08-31,2026-09-01,BLISSGVS,Midcap,Healthcare,24077.55,24055.8,-0.09,614.0,638.56,663.12,687.68,598.65,598.65,704.55,14.75,687.68,5,🚀 Target 3 Hit (Day 5),6.8,Completed
2026-08-31,2026-09-01,MODISONLTD,Smallcap,Industrials,24077.55,24055.8,-0.09,485.0,504.4,523.8,543.2,472.88,472.88,499.45,2.98,472.88,1,🛑 Stop Loss Hit (Day 1),-2.5,Completed
2026-08-31,2026-09-01,IVP,Smallcap,Chemicals,24077.55,24055.8,-0.09,207.0,215.28,223.56,231.84,201.82,201.82,208.95,0.94,201.82,1,🛑 Stop Loss Hit (Day 1),-2.5,Completed
2026-08-31,2026-09-01,IVC,Smallcap,Financials,24077.55,24055.8,-0.09,8.36,8.7,9.03,9.37,8.15,8.15,10.15,21.3,9.37,3,🚀 Target 3 Hit (Day 3),6.8,Completed
2026-08-31,2026-09-01,SHAHALLOYS,Smallcap,Metals & Mining,24077.55,24055.8,-0.09,107.0,111.28,115.56,119.84,104.33,104.33,116.0,8.41,104.33,4,🎯 T1 & T2 Booked + Trailing SL Hit (Day 4),3.9,Completed
2026-08-31,2026-09-01,KALYANIFRG,Smallcap,Industrials,24077.55,24055.8,-0.09,974.7,1013.69,1052.68,1091.66,950.33,950.33,1097.15,12.56,1091.66,1,🚀 Target 3 Hit (Day 1),6.8,Completed
2026-08-31,2026-09-01,MAHASTEEL,Smallcap,Metals & Mining,24077.55,24055.8,-0.09,1372.0,1426.88,1481.76,1536.64,1337.7,1337.7,1421.0,3.57,1337.7,1,🛑 Stop Loss Hit (Day 1),-2.5,Completed
2026-08-31,2026-09-01,PVP,Smallcap,Realty,24077.55,24055.8,-0.09,67.7,70.41,73.12,75.82,66.01,66.01,71.9,6.2,66.01,1,🛑 SL Hit on Remainder (T1 Booked) (Day 1),0.75,Completed
2026-08-31,2026-09-01,ICIL,Midcap,Textiles,24077.55,24055.8,-0.09,470.95,489.79,508.63,527.46,459.18,459.18,471.2,0.05,459.18,1,🛑 Stop Loss Hit (Day 1),-2.5,Completed
2026-08-31,2026-09-01,BODALCHEM,Smallcap,Chemicals,24077.55,24055.8,-0.09,122.0,126.88,131.76,136.64,118.95,118.95,151.89,24.5,136.64,2,🚀 Target 3 Hit (Day 2),6.8,Completed
2026-08-31,2026-09-01,ORIENTBELL,Smallcap,Building Materials,24077.55,24055.8,-0.09,390.4,406.02,421.63,437.25,380.64,380.64,434.95,11.41,415.1,5,🚀 T1 & T2 Booked + Exited Day 5 Close,5.67,Completed
2026-08-31,2026-09-01,SHILPAMED,Midcap,Healthcare,24077.55,24055.8,-0.09,949.4,987.38,1025.36,1063.33,925.67,925.67,951.4,0.21,925.67,1,🛑 Stop Loss Hit (Day 1),-2.5,Completed
2026-08-31,2026-09-01,BHAGERIA,Smallcap,Chemicals,24077.55,24055.8,-0.09,263.2,273.73,284.26,294.78,256.62,256.62,276.35,5.0,256.62,2,🛑 SL Hit on Remainder (T1 Booked) (Day 2),0.75,Completed
2026-08-31,2026-09-01,GATECH,Smallcap,I.T,24077.55,24055.8,-0.09,1.05,1.09,1.13,1.18,1.02,1.02,1.05,0.0,1.02,2,🛑 Stop Loss Hit (Day 2),-2.5,Completed
2026-08-31,2026-09-01,STLTECH,Largecap,Industrials,24077.55,24055.8,-0.09,738.0,767.52,797.04,826.56,719.55,719.55,738.0,0.0,719.55,1,🛑 Stop Loss Hit (Day 1),-2.5,Completed
2026-08-31,2026-09-01,CALSOFT,Smallcap,I.T,24077.55,24055.8,-0.09,38.69,40.24,41.79,43.33,37.72,37.72,39.13,1.14,37.72,1,🛑 Stop Loss Hit (Day 1),-2.5,Completed
2026-08-31,2026-09-01,OFSS,Largecap,I.T,24077.55,24055.8,-0.09,12350.0,12844.0,13338.0,13832.0,12041.25,12041.25,12353.0,0.02,12041.25,1,🛑 Stop Loss Hit (Day 1),-2.5,Completed
2026-08-31,2026-09-01,DIVISLAB,Largecap,Healthcare,24077.55,24055.8,-0.09,9251.5,9621.56,9991.62,10361.68,9020.21,9020.21,9315.0,0.69,9315.0,5,⏱️ Exited at Day 5 Close,0.69,Completed
2026-08-31,2026-09-01,IMPEXFERRO,Smallcap,Metals & Mining,24077.55,24055.8,-0.09,4.46,4.64,4.82,5.0,4.35,4.35,4.81,7.85,4.81,5,🎯 Target 1 Booked (50%) + Exited Day 5 Close,5.92,Completed
2026-08-31,2026-09-01,CORDSCABLE,Smallcap,Industrials,24077.55,24055.8,-0.09,285.0,296.4,307.8,319.2,277.88,277.88,329.3,15.54,319.2,2,🚀 Target 3 Hit (Day 2),6.8,Completed
2026-08-31,2026-09-01,KIRIINDUS,Smallcap,Chemicals,24077.55,24055.8,-0.09,533.7,555.05,576.4,597.74,520.36,520.36,536.45,0.52,520.36,1,🛑 Stop Loss Hit (Day 1),-2.5,Completed
2026-08-31,2026-09-01,BAFNAPH,Smallcap,Healthcare,24077.55,24055.8,-0.09,307.0,319.28,331.56,343.84,299.32,299.32,318.5,3.75,299.32,4,🛑 Stop Loss Hit (Day 4),-2.5,Completed
2026-08-31,2026-09-01,FCL,Midcap,Chemicals,24077.55,24055.8,-0.09,50.95,52.99,55.02,57.06,49.67,49.67,51.25,0.59,49.67,1,🛑 Stop Loss Hit (Day 1),-2.5,Completed
2026-08-31,2026-09-01,VINCOFE,Smallcap,Consumer Discretionary,24077.55,24055.8,-0.09,185.77,193.2,200.63,208.06,181.13,181.13,185.77,0.0,181.13,1,🛑 Stop Loss Hit (Day 1),-2.5,Completed
2026-08-31,2026-09-01,PTCIL,Largecap,Industrials,24077.55,24055.8,-0.09,21860.0,22734.4,23608.8,24483.2,21313.5,21313.5,24125.0,10.36,23755.0,5,🚀 T1 & T2 Booked + Exited Day 5 Close,6.13,Completed
2026-08-31,2026-09-01,SHIVALIK,Smallcap,Chemicals,24077.55,24055.8,-0.09,330.5,343.72,356.94,370.16,322.24,322.24,344.3,4.18,322.24,2,🛑 SL Hit on Remainder (T1 Booked) (Day 2),0.75,Completed
2026-08-31,2026-09-01,SHREEPUSHK,Smallcap,Chemicals,24077.55,24055.8,-0.09,468.07,486.8,505.52,524.24,456.37,456.37,468.32,0.05,456.37,1,🛑 Stop Loss Hit (Day 1),-2.5,Completed
2026-08-31,2026-09-01,STEL,Smallcap,Financials,24077.55,24055.8,-0.09,650.0,676.0,702.0,728.0,633.75,633.75,680.0,4.62,633.75,1,🛑 SL Hit on Remainder (T1 Booked) (Day 1),0.75,Completed
2026-08-31,2026-09-01,GROBTEA,Smallcap,FMCG,24077.55,24055.8,-0.09,985.05,1024.45,1063.85,1103.26,960.42,960.42,1000.0,1.52,960.42,2,🛑 Stop Loss Hit (Day 2),-2.5,Completed
2026-08-31,2026-09-01,DYCL,Smallcap,Industrials,24077.55,24055.8,-0.09,493.0,512.72,532.44,552.16,480.68,480.68,560.0,13.59,552.16,1,🚀 Target 3 Hit (Day 1),6.8,Completed
2026-08-31,2026-09-01,SONAMLTD,Smallcap,Consumer Discretionary,24077.55,24055.8,-0.09,79.4,82.58,85.75,88.93,77.42,77.42,80.32,1.16,77.42,1,🛑 Stop Loss Hit (Day 1),-2.5,Completed
2026-08-31,2026-09-01,SUPREMEENG,Smallcap,Metals & Mining,24077.55,24055.8,-0.09,2.88,3.0,3.11,3.23,2.81,2.81,2.88,0.0,2.81,1,🛑 Stop Loss Hit (Day 1),-2.5,Completed
2026-08-31,2026-09-01,PAR,Smallcap,Healthcare,24077.55,24055.8,-0.09,120.0,124.8,129.6,134.4,117.0,117.0,140.82,17.35,134.4,1,🚀 Target 3 Hit (Day 1),6.8,Completed
2026-08-31,2026-09-01,SECMARK,Smallcap,I.T,24077.55,24055.8,-0.09,160.8,167.23,173.66,180.1,156.78,156.78,160.8,0.0,156.78,1,🛑 Stop Loss Hit (Day 1),-2.5,Completed
2026-08-31,2026-09-01,PRUDENT,Midcap,Financials,24077.55,24055.8,-0.09,3700.0,3848.0,3996.0,4144.0,3607.5,3607.5,3729.8,0.81,3607.5,1,🛑 Stop Loss Hit (Day 1),-2.5,Completed
2026-08-31,2026-09-01,UNIPARTS,Smallcap,Industrials,24077.55,24055.8,-0.09,897.8,933.71,969.62,1005.54,875.35,875.35,915.95,2.02,875.35,4,🛑 Stop Loss Hit (Day 4),-2.5,Completed
2026-08-31,2026-09-01,AVALON,Midcap,Consumer Discretionary,24077.55,24055.8,-0.09,2370.1,2464.9,2559.71,2654.51,2310.85,2310.85,2393.0,0.97,2310.85,1,🛑 Stop Loss Hit (Day 1),-2.5,Completed
2026-08-31,2026-09-01,GHCLTEXTIL,Smallcap,Textiles,24077.55,24055.8,-0.09,136.0,141.44,146.88,152.32,132.6,132.6,144.59,6.32,132.6,5,🛑 SL Hit on Remainder (T1 Booked) (Day 5),0.75,Completed
2026-08-31,2026-09-01,RATNAVEER,Smallcap,Metals & Mining,24077.55,24055.8,-0.09,307.45,319.75,332.05,344.34,299.76,299.76,311.0,1.15,299.76,1,🛑 Stop Loss Hit (Day 1),-2.5,Completed
2026-08-31,2026-09-01,INDGN,Midcap,Healthcare,24077.55,24055.8,-0.09,610.05,634.45,658.85,683.26,594.8,594.8,614.45,0.72,594.8,2,🛑 Stop Loss Hit (Day 2),-2.5,Completed
2026-08-31,2026-09-01,DIFFNKG,Smallcap,Industrials,24077.55,24055.8,-0.09,480.05,499.25,518.45,537.66,468.05,468.05,492.0,2.49,468.05,1,🛑 Stop Loss Hit (Day 1),-2.5,Completed
2026-08-31,2026-09-01,SETL,Midcap,Industrials,24077.55,24055.8,-0.09,378.0,393.12,408.24,423.36,368.55,368.55,412.8,9.21,388.55,5,🚀 T1 & T2 Booked + Exited Day 5 Close,4.96,Completed
2026-08-31,2026-09-01,ATHERENERG,Largecap,Auto,24077.55,24055.8,-0.09,1694.0,1761.76,1829.52,1897.28,1651.65,1651.65,1744.0,2.95,1651.65,2,🛑 Stop Loss Hit (Day 2),-2.5,Completed
2026-09-01,2026-09-02,BIRLACABLE,Smallcap,Industrials,23858.0,23914.45,0.24,334.4,347.78,361.15,374.53,326.04,326.04,376.55,12.6,374.53,3,🚀 Target 3 Hit (Day 3),6.8,Completed
2026-09-01,2026-09-02,INDORAMA,Smallcap,Textiles,23858.0,23914.45,0.24,69.99,72.79,75.59,78.39,68.24,68.24,69.99,0.0,68.24,1,🛑 Stop Loss Hit (Day 1),-2.5,Completed
2026-09-01,2026-09-02,MANALIPETC,Smallcap,Energy,23858.0,23914.45,0.24,84.7,88.09,91.48,94.86,82.58,82.58,85.4,0.83,82.58,1,🛑 Stop Loss Hit (Day 1),-2.5,Completed
2026-09-01,2026-09-02,OILCOUNTUB,Smallcap,Metals & Mining,23858.0,23914.45,0.24,67.8,70.51,73.22,75.94,66.11,66.11,70.59,4.12,66.11,1,🛑 SL Hit on Remainder (T1 Booked) (Day 1),0.75,Completed
2026-09-01,2026-09-02,TNPETRO,Smallcap,Energy,23858.0,23914.45,0.24,132.75,138.06,143.37,148.68,129.43,129.43,139.34,4.97,129.43,4,🛑 SL Hit on Remainder (T1 Booked) (Day 4),0.75,Completed
2026-09-01,2026-09-02,BLISSGVS,Midcap,Healthcare,23858.0,23914.45,0.24,624.1,649.06,674.03,698.99,608.5,608.5,671.3,7.56,608.5,3,🛑 SL Hit on Remainder (T1 Booked) (Day 3),0.75,Completed
2026-09-01,2026-09-02,MODISONLTD,Smallcap,Industrials,23858.0,23914.45,0.24,509.0,529.36,549.72,570.08,496.27,496.27,546.0,7.27,496.27,2,🛑 SL Hit on Remainder (T1 Booked) (Day 2),0.75,Completed
2026-09-01,2026-09-02,IVP,Smallcap,Chemicals,23858.0,23914.45,0.24,206.8,215.07,223.34,231.62,201.63,201.63,218.5,5.66,216.96,5,🎯 Target 1 Booked (50%) + Exited Day 5 Close,4.46,Completed
2026-09-01,2026-09-02,AYMSYNTEX,Smallcap,Textiles,23858.0,23914.45,0.24,294.2,305.97,317.74,329.5,286.85,286.85,330.0,12.17,329.5,5,🚀 Target 3 Hit (Day 5),6.8,Completed
2026-09-01,2026-09-02,IVC,Smallcap,Financials,23858.0,23914.45,0.24,8.77,9.12,9.47,9.82,8.55,8.55,9.14,4.21,8.55,1,🛑 SL Hit on Remainder (T1 Booked) (Day 1),0.75,Completed
2026-09-01,2026-09-02,SSWL,Midcap,Auto,23858.0,23914.45,0.24,353.25,367.38,381.51,395.64,344.42,344.42,355.9,0.75,344.42,1,🛑 Stop Loss Hit (Day 1),-2.5,Completed
2026-09-01,2026-09-02,KALYANIFRG,Smallcap,Industrials,23858.0,23914.45,0.24,1079.05,1122.21,1165.37,1208.54,1052.07,1052.07,1192.25,10.49,1052.07,1,🎯 T1 & T2 Booked + Trailing SL Hit (Day 1),3.9,Completed
2026-09-01,2026-09-02,LUMAXIND,Midcap,Auto,23858.0,23914.45,0.24,6504.5,6764.68,7024.86,7285.04,6341.89,6341.89,6609.5,1.61,6341.89,1,🛑 Stop Loss Hit (Day 1),-2.5,Completed
2026-09-01,2026-09-02,MENONBE,Smallcap,Auto,23858.0,23914.45,0.24,299.8,311.79,323.78,335.78,292.3,292.3,299.8,0.0,292.3,1,🛑 Stop Loss Hit (Day 1),-2.5,Completed
2026-09-01,2026-09-02,BODALCHEM,Smallcap,Chemicals,23858.0,23914.45,0.24,126.51,131.57,136.63,141.69,123.35,123.35,151.89,20.06,141.69,1,🚀 Target 3 Hit (Day 1),6.8,Completed
2026-09-01,2026-09-02,WELCORP,Largecap,Industrials,23858.0,23914.45,0.24,2561.6,2664.06,2766.53,2868.99,2497.56,2497.56,2676.0,4.47,2599.5,5,🎯 Target 1 Booked (50%) + Exited Day 5 Close,2.74,Completed
2026-09-01,2026-09-02,ENGINERSIN,Midcap,Realty,23858.0,23914.45,0.24,279.0,290.16,301.32,312.48,272.02,272.02,285.1,2.19,272.02,5,🛑 Stop Loss Hit (Day 5),-2.5,Completed
2026-09-01,2026-09-02,UMIYA-MRO,Smallcap,Telecom,23858.0,23914.45,0.24,99.78,103.77,107.76,111.75,97.29,97.29,104.79,5.02,97.29,1,🛑 SL Hit on Remainder (T1 Booked) (Day 1),0.75,Completed
2026-09-01,2026-09-02,WELENT,Midcap,Realty,23858.0,23914.45,0.24,707.5,735.8,764.1,792.4,689.81,689.81,825.0,16.61,792.4,3,🚀 Target 3 Hit (Day 3),6.8,Completed
2026-09-01,2026-09-02,OMAXE,Smallcap,Realty,23858.0,23914.45,0.24,125.0,130.0,135.0,140.0,121.88,121.88,138.89,11.11,127.58,5,🚀 T1 & T2 Booked + Exited Day 5 Close,4.81,Completed
2026-09-01,2026-09-02,CORDSCABLE,Smallcap,Industrials,23858.0,23914.45,0.24,319.85,332.64,345.44,358.23,311.85,311.85,329.3,2.95,311.85,1,🛑 Stop Loss Hit (Day 1),-2.5,Completed
2026-09-01,2026-09-02,BAFNAPH,Smallcap,Healthcare,23858.0,23914.45,0.24,308.0,320.32,332.64,344.96,300.3,300.3,308.0,0.0,300.3,3,🛑 Stop Loss Hit (Day 3),-2.5,Completed
2026-09-01,2026-09-02,TBZ,Smallcap,Consumer Discretionary,23858.0,23914.45,0.24,380.0,395.2,410.4,425.6,370.5,370.5,430.0,13.16,425.6,1,🚀 Target 3 Hit (Day 1),6.8,Completed
2026-09-01,2026-09-02,VIJIFIN,Smallcap,Financials,23858.0,23914.45,0.24,15.95,16.59,17.23,17.86,15.55,15.55,17.24,8.09,16.58,5,🚀 T1 & T2 Booked + Exited Day 5 Close,5.19,Completed
2026-09-01,2026-09-02,MANAKSTEEL,Smallcap,Metals & Mining,23858.0,23914.45,0.24,104.0,108.16,112.32,116.48,101.4,101.4,114.76,10.35,104.33,5,🚀 T1 & T2 Booked + Exited Day 5 Close,4.46,Completed
2026-09-01,2026-09-02,SHIVALIK,Smallcap,Chemicals,23858.0,23914.45,0.24,344.3,358.07,371.84,385.62,335.69,335.69,344.3,0.0,335.69,1,🛑 Stop Loss Hit (Day 1),-2.5,Completed
2026-09-01,2026-09-02,PARAGMILK,Smallcap,FMCG,23858.0,23914.45,0.24,257.05,267.33,277.61,287.9,250.62,250.62,263.8,2.63,250.62,1,🛑 Stop Loss Hit (Day 1),-2.5,Completed
2026-09-01,2026-09-02,COMSYN,Smallcap,Industrials,23858.0,23914.45,0.24,302.6,314.7,326.81,338.91,295.04,295.04,314.85,4.05,295.04,3,🛑 SL Hit on Remainder (T1 Booked) (Day 3),0.75,Completed
2026-09-01,2026-09-02,DYCL,Smallcap,Industrials,23858.0,23914.45,0.24,542.0,563.68,585.36,607.04,528.45,528.45,550.0,1.48,528.45,2,🛑 Stop Loss Hit (Day 2),-2.5,Completed
2026-09-01,2026-09-02,SUPREMEENG,Smallcap,Metals & Mining,23858.0,23914.45,0.24,2.93,3.05,3.16,3.28,2.86,2.86,3.15,7.51,3.15,5,🎯 Target 1 Booked (50%) + Exited Day 5 Close,5.75,Completed
2026-09-01,2026-09-02,MARINE,Midcap,Industrials,23858.0,23914.45,0.24,430.28,447.5,464.71,481.92,419.53,419.53,449.67,4.51,419.53,4,🛑 SL Hit on Remainder (T1 Booked) (Day 4),0.75,Completed
2026-09-01,2026-09-02,PAR,Smallcap,Healthcare,23858.0,23914.45,0.24,146.0,151.84,157.68,163.52,142.35,142.35,168.72,15.56,163.52,1,🚀 Target 3 Hit (Day 1),6.8,Completed
2026-09-01,2026-09-02,UNIPARTS,Smallcap,Industrials,23858.0,23914.45,0.24,888.95,924.51,960.07,995.62,866.73,866.73,915.0,2.93,866.73,3,🛑 Stop Loss Hit (Day 3),-2.5,Completed
2026-09-01,2026-09-02,GHCLTEXTIL,Smallcap,Textiles,23858.0,23914.45,0.24,142.0,147.68,153.36,159.04,138.45,138.45,144.59,1.82,138.45,1,🛑 Stop Loss Hit (Day 1),-2.5,Completed
2026-09-01,2026-09-02,CYIENTDLM,Midcap,Aerospace & Defence,23858.0,23914.45,0.24,852.0,886.08,920.16,954.24,830.7,830.7,865.1,1.54,830.7,2,🛑 Stop Loss Hit (Day 2),-2.5,Completed
2026-09-01,2026-09-02,AEROFLEX,Midcap,Metals & Mining,23858.0,23914.45,0.24,548.2,570.13,592.06,613.98,534.5,534.5,561.45,2.42,534.5,3,🛑 Stop Loss Hit (Day 3),-2.5,Completed
2026-09-01,2026-09-02,RBZJEWEL,Smallcap,Consumer Discretionary,23858.0,23914.45,0.24,176.4,183.46,190.51,197.57,171.99,171.99,184.67,4.69,171.99,1,🛑 SL Hit on Remainder (T1 Booked) (Day 1),0.75,Completed
2026-09-01,2026-09-02,SUDEEPPHRM,Midcap,Chemicals,23858.0,23914.45,0.24,1245.0,1294.8,1344.6,1394.4,1213.88,1213.88,1378.0,10.68,1344.2,5,🚀 T1 & T2 Booked + Exited Day 5 Close,5.99,Completed
2026-09-02,2026-09-03,BIRLACABLE,Smallcap,Industrials,23997.95,23873.45,-0.52,347.8,361.71,375.62,389.54,339.1,339.1,395.0,13.57,389.54,3,🚀 Target 3 Hit (Day 3),6.8,Completed
2026-09-02,2026-09-03,IFCI,Largecap,Financials,23997.95,23873.45,-0.52,98.21,102.14,106.07,110.0,95.75,95.75,101.66,3.51,95.75,1,🛑 Stop Loss Hit (Day 1),-2.5,Completed
2026-09-02,2026-09-03,UFLEX,Smallcap,Industrials,23997.95,23873.45,-0.52,702.5,730.6,758.7,786.8,684.94,684.94,708.25,0.82,684.94,1,🛑 Stop Loss Hit (Day 1),-2.5,Completed
2026-09-02,2026-09-03,MOREPENLAB,Midcap,Healthcare,23997.95,23873.45,-0.52,112.31,116.81,121.3,125.79,109.51,109.51,118.35,5.38,109.51,1,🛑 SL Hit on Remainder (T1 Booked) (Day 1),0.75,Completed
2026-09-02,2026-09-03,OILCOUNTUB,Smallcap,Metals & Mining,23997.95,23873.45,-0.52,66.32,68.97,71.63,74.28,64.66,64.66,66.32,0.0,64.66,3,🛑 Stop Loss Hit (Day 3),-2.5,Completed
2026-09-02,2026-09-03,BLISSGVS,Midcap,Healthcare,23997.95,23873.45,-0.52,660.0,686.4,712.8,739.2,643.5,643.5,665.0,0.76,643.5,1,🛑 Stop Loss Hit (Day 1),-2.5,Completed
2026-09-02,2026-09-03,MODISONLTD,Smallcap,Industrials,23997.95,23873.45,-0.52,520.65,541.48,562.3,583.13,507.63,507.63,544.9,4.66,507.63,1,🛑 SL Hit on Remainder (T1 Booked) (Day 1),0.75,Completed
2026-09-02,2026-09-03,AYMSYNTEX,Smallcap,Textiles,23997.95,23873.45,-0.52,312.0,324.48,336.96,349.44,304.2,304.2,330.0,5.77,311.3,5,🎯 Target 1 Booked (50%) + Exited Day 5 Close,1.89,Completed
2026-09-02,2026-09-03,IVC,Smallcap,Financials,23997.95,23873.45,-0.52,10.15,10.55,10.96,11.36,9.89,9.89,10.15,0.0,9.89,1,🛑 Stop Loss Hit (Day 1),-2.5,Completed
2026-09-02,2026-09-03,KALYANIFRG,Smallcap,Industrials,23997.95,23873.45,-0.52,1166.5,1213.16,1259.82,1306.48,1137.34,1137.34,1169.3,0.24,1137.34,1,🛑 Stop Loss Hit (Day 1),-2.5,Completed
2026-09-02,2026-09-03,VINDHYATEL,Smallcap,Realty,23997.95,23873.45,-0.52,2737.0,2846.48,2955.96,3065.44,2668.57,2668.57,2810.0,2.67,2668.57,1,🛑 Stop Loss Hit (Day 1),-2.5,Completed
2026-09-02,2026-09-03,GIPCL,Smallcap,Power & Utilities,23997.95,23873.45,-0.52,203.67,211.81,219.96,228.11,198.57,198.57,207.4,1.83,198.57,3,🛑 Stop Loss Hit (Day 3),-2.5,Completed
2026-09-02,2026-09-03,BODALCHEM,Smallcap,Chemicals,23997.95,23873.45,-0.52,145.89,151.73,157.56,163.4,142.24,142.24,171.18,17.33,163.4,3,🚀 Target 3 Hit (Day 3),6.8,Completed
2026-09-02,2026-09-03,SYNCOMF,Smallcap,Healthcare,23997.95,23873.45,-0.52,21.43,22.29,23.14,24.0,20.89,20.89,22.59,5.41,20.89,1,🛑 SL Hit on Remainder (T1 Booked) (Day 1),0.75,Completed
2026-09-02,2026-09-03,AKSHARCHEM,Smallcap,Chemicals,23997.95,23873.45,-0.52,424.0,440.96,457.92,474.88,413.4,413.4,445.2,5.0,413.4,2,🛑 SL Hit on Remainder (T1 Booked) (Day 2),0.75,Completed
2026-09-02,2026-09-03,TFCILTD,Midcap,Financials,23997.95,23873.45,-0.52,146.35,152.2,158.06,163.91,142.69,142.69,147.39,0.71,142.69,2,🛑 Stop Loss Hit (Day 2),-2.5,Completed
2026-09-02,2026-09-03,BHAGERIA,Smallcap,Chemicals,23997.95,23873.45,-0.52,284.9,296.3,307.69,319.09,277.78,277.78,290.15,1.84,277.78,1,🛑 Stop Loss Hit (Day 1),-2.5,Completed
2026-09-02,2026-09-03,HATSUN,Largecap,FMCG,23997.95,23873.45,-0.52,1198.5,1246.44,1294.38,1342.32,1168.54,1168.54,1198.5,0.0,1168.54,1,🛑 Stop Loss Hit (Day 1),-2.5,Completed
2026-09-02,2026-09-03,WELENT,Midcap,Realty,23997.95,23873.45,-0.52,745.0,774.8,804.6,834.4,726.38,726.38,825.0,10.74,782.85,5,🚀 T1 & T2 Booked + Exited Day 5 Close,5.42,Completed
2026-09-02,2026-09-03,INDOCO,Smallcap,Healthcare,23997.95,23873.45,-0.52,273.12,284.05,294.97,305.9,266.3,266.3,283.25,3.71,266.3,1,🛑 Stop Loss Hit (Day 1),-2.5,Completed
2026-09-02,2026-09-03,OMAXE,Smallcap,Realty,23997.95,23873.45,-0.52,133.58,138.92,144.27,149.61,130.24,130.24,135.8,1.66,130.24,1,🛑 Stop Loss Hit (Day 1),-2.5,Completed
2026-09-02,2026-09-03,ARIES,Smallcap,Chemicals,23997.95,23873.45,-0.52,500.0,520.0,540.0,560.0,487.5,487.5,507.2,1.44,487.5,2,🛑 Stop Loss Hit (Day 2),-2.5,Completed
2026-09-02,2026-09-03,CORDSCABLE,Smallcap,Industrials,23997.95,23873.45,-0.52,323.9,336.86,349.81,362.77,315.8,315.8,323.9,0.0,315.8,1,🛑 Stop Loss Hit (Day 1),-2.5,Completed
2026-09-02,2026-09-03,TIJARIA,Smallcap,Plastic products,23997.95,23873.45,-0.52,7.79,8.1,8.41,8.72,7.6,7.6,9.09,16.69,8.72,1,🚀 Target 3 Hit (Day 1),6.8,Completed
2026-09-02,2026-09-03,TBZ,Smallcap,Consumer Discretionary,23997.95,23873.45,-0.52,414.0,430.56,447.12,463.68,403.65,403.65,457.15,10.42,403.65,1,🎯 T1 & T2 Booked + Trailing SL Hit (Day 1),3.9,Completed
2026-09-02,2026-09-03,JTLIND,Smallcap,Metals & Mining,23997.95,23873.45,-0.52,92.37,96.07,99.76,103.46,90.06,90.06,93.22,0.92,90.06,1,🛑 Stop Loss Hit (Day 1),-2.5,Completed
2026-09-02,2026-09-03,MANAKSTEEL,Smallcap,Metals & Mining,23997.95,23873.45,-0.52,112.0,116.48,120.96,125.44,109.2,109.2,114.76,2.46,109.2,1,🛑 Stop Loss Hit (Day 1),-2.5,Completed
2026-09-02,2026-09-03,ICDSLTD,Smallcap,Miscellaneous,23997.95,23873.45,-0.52,63.4,65.94,68.47,71.01,61.82,61.82,71.45,12.7,71.01,2,🚀 Target 3 Hit (Day 2),6.8,Completed
2026-09-02,2026-09-03,PAR,Smallcap,Healthcare,23997.95,23873.45,-0.52,175.0,182.0,189.0,196.0,170.62,170.62,180.0,2.86,170.62,1,🛑 Stop Loss Hit (Day 1),-2.5,Completed
2026-09-02,2026-09-03,WINDLAS,Smallcap,Healthcare,23997.95,23873.45,-0.52,1105.35,1149.56,1193.78,1237.99,1077.72,1077.72,1181.9,6.93,1142.45,5,🎯 Target 1 Booked (50%) + Exited Day 5 Close,3.68,Completed
2026-09-02,2026-09-03,RISHABH,Smallcap,Industrials,23997.95,23873.45,-0.52,750.0,780.0,810.0,840.0,731.25,731.25,750.0,0.0,731.25,2,🛑 Stop Loss Hit (Day 2),-2.5,Completed
2026-09-02,2026-09-03,SAILIFE,Largecap,Healthcare,23997.95,23873.45,-0.52,1588.0,1651.52,1715.04,1778.56,1548.3,1548.3,1697.0,6.86,1675.4,5,🎯 Target 1 Booked (50%) + Exited Day 5 Close,4.75,Completed
2026-09-02,2026-09-03,SUDEEPPHRM,Midcap,Chemicals,23997.95,23873.45,-0.52,1241.0,1290.64,1340.28,1389.92,1209.97,1209.97,1378.0,11.04,1277.3,5,🚀 T1 & T2 Booked + Exited Day 5 Close,4.99,Completed
2026-09-03,2026-09-04,MANALIPETC,Smallcap,Energy,23910.9,23897.7,-0.06,89.56,93.14,96.72,100.31,87.32,87.32,90.61,1.17,87.32,1,🛑 Stop Loss Hit (Day 1),-2.5,Completed
2026-09-03,2026-09-04,RAYMOND,Midcap,Transportation,23910.9,23897.7,-0.06,752.3,782.39,812.48,842.58,733.49,733.49,756.8,0.6,733.49,1,🛑 Stop Loss Hit (Day 1),-2.5,Completed
2026-09-03,2026-09-04,ALEMBICLTD,Smallcap,Realty,23910.9,23897.7,-0.06,111.6,116.06,120.53,124.99,108.81,108.81,114.8,2.87,108.81,2,🛑 Stop Loss Hit (Day 2),-2.5,Completed
2026-09-03,2026-09-04,AUSOMENT,Smallcap,Consumer Discretionary,23910.9,23897.7,-0.06,160.92,167.36,173.79,180.23,156.9,156.9,165.48,2.83,156.9,1,🛑 Stop Loss Hit (Day 1),-2.5,Completed
2026-09-03,2026-09-04,LANCORHOL,Smallcap,Realty,23910.9,23897.7,-0.06,35.13,36.54,37.94,39.35,34.25,34.25,40.88,16.37,39.35,1,🚀 Target 3 Hit (Day 1),6.8,Completed
2026-09-03,2026-09-04,IVC,Smallcap,Financials,23910.9,23897.7,-0.06,10.01,10.41,10.81,11.21,9.76,9.76,10.01,0.0,9.76,1,🛑 Stop Loss Hit (Day 1),-2.5,Completed
2026-09-03,2026-09-04,MANINDS,Midcap,Metals & Mining,23910.9,23897.7,-0.06,801.0,833.04,865.08,897.12,780.98,780.98,826.95,3.24,780.98,2,🛑 Stop Loss Hit (Day 2),-2.5,Completed
2026-09-03,2026-09-04,VISHNU,Smallcap,Chemicals,23910.9,23897.7,-0.06,694.1,721.86,749.63,777.39,676.75,676.75,744.0,7.19,723.8,5,🎯 Target 1 Booked (50%) + Exited Day 5 Close,4.14,Completed
2026-09-03,2026-09-04,PVP,Smallcap,Realty,23910.9,23897.7,-0.06,64.89,67.49,70.08,72.68,63.27,63.27,68.14,5.01,63.27,1,🛑 SL Hit on Remainder (T1 Booked) (Day 1),0.75,Completed
2026-09-03,2026-09-04,MENONBE,Smallcap,Auto,23910.9,23897.7,-0.06,311.0,323.44,335.88,348.32,303.22,303.22,324.0,4.18,303.22,3,🛑 SL Hit on Remainder (T1 Booked) (Day 3),0.75,Completed
2026-09-03,2026-09-04,IOLCP,Midcap,Healthcare,23910.9,23897.7,-0.06,197.0,204.88,212.76,220.64,192.07,192.07,219.04,11.19,211.43,5,🚀 T1 & T2 Booked + Exited Day 5 Close,5.86,Completed
2026-09-03,2026-09-04,KOPRAN,Smallcap,Healthcare,23910.9,23897.7,-0.06,232.4,241.7,250.99,260.29,226.59,226.59,253.71,9.17,235.82,5,🚀 T1 & T2 Booked + Exited Day 5 Close,4.69,Completed
2026-09-03,2026-09-04,CAPLIPOINT,Largecap,Healthcare,23910.9,23897.7,-0.06,2840.62,2954.24,3067.87,3181.49,2769.6,2769.6,2840.62,0.0,2769.6,1,🛑 Stop Loss Hit (Day 1),-2.5,Completed
2026-09-03,2026-09-04,SEAMECLTD,Smallcap,Miscellaneous,23910.9,23897.7,-0.06,1787.0,1858.48,1929.96,2001.44,1742.33,1742.33,1828.9,2.34,1742.33,3,🛑 Stop Loss Hit (Day 3),-2.5,Completed
2026-09-03,2026-09-04,ANTELOPUS,Smallcap,Energy,23910.9,23897.7,-0.06,1001.0,1041.04,1081.08,1121.12,975.98,975.98,1028.8,2.78,975.98,1,🛑 Stop Loss Hit (Day 1),-2.5,Completed
2026-09-03,2026-09-04,ASIANENE,Smallcap,Energy,23910.9,23897.7,-0.06,525.72,546.75,567.77,588.8,512.57,512.57,536.64,2.08,512.57,1,🛑 Stop Loss Hit (Day 1),-2.5,Completed
2026-09-03,2026-09-04,SHILPAMED,Midcap,Healthcare,23910.9,23897.7,-0.06,956.15,994.4,1032.64,1070.89,932.25,932.25,980.1,2.5,932.25,2,🛑 Stop Loss Hit (Day 2),-2.5,Completed
2026-09-03,2026-09-04,BHAGERIA,Smallcap,Chemicals,23910.9,23897.7,-0.06,288.0,299.52,311.04,322.56,280.8,280.8,335.8,16.6,322.56,3,🚀 Target 3 Hit (Day 3),6.8,Completed
2026-09-03,2026-09-04,JINDWORLD,Smallcap,Textiles,23910.9,23897.7,-0.06,49.67,51.66,53.64,55.63,48.43,48.43,57.78,16.33,55.63,1,🚀 Target 3 Hit (Day 1),6.8,Completed
2026-09-03,2026-09-04,WELCORP,Largecap,Industrials,23910.9,23897.7,-0.06,2649.2,2755.17,2861.14,2967.1,2582.97,2582.97,2662.0,0.48,2582.97,1,🛑 Stop Loss Hit (Day 1),-2.5,Completed
2026-09-03,2026-09-04,CALSOFT,Smallcap,I.T,23910.9,23897.7,-0.06,43.0,44.72,46.44,48.16,41.92,41.92,43.0,0.0,41.92,1,🛑 Stop Loss Hit (Day 1),-2.5,Completed
2026-09-03,2026-09-04,WELENT,Midcap,Realty,23910.9,23897.7,-0.06,761.8,792.27,822.74,853.22,742.75,742.75,825.0,8.3,797.95,5,🚀 T1 & T2 Booked + Exited Day 5 Close,5.35,Completed
2026-09-03,2026-09-04,IMPEXFERRO,Smallcap,Metals & Mining,23910.9,23897.7,-0.06,4.72,4.91,5.1,5.29,4.6,4.6,5.08,7.63,5.08,5,🎯 Target 1 Booked (50%) + Exited Day 5 Close,5.81,Completed
2026-09-03,2026-09-04,CYBERMEDIA,Smallcap,Media,23910.9,23897.7,-0.06,25.9,26.94,27.97,29.01,25.25,25.25,28.45,9.85,25.25,1,🎯 T1 & T2 Booked + Trailing SL Hit (Day 1),3.9,Completed
2026-09-03,2026-09-04,SOLARINDS,Largecap,Aerospace & Defence,23910.9,23897.7,-0.06,21500.0,22360.0,23220.0,24080.0,20962.5,20962.5,22625.0,5.23,22370.0,5,🎯 Target 1 Booked (50%) + Exited Day 5 Close,4.02,Completed
2026-09-03,2026-09-04,KAMDHENU,Smallcap,Metals & Mining,23910.9,23897.7,-0.06,39.05,40.61,42.17,43.74,38.07,38.07,40.95,4.87,39.22,5,🎯 Target 1 Booked (50%) + Exited Day 5 Close,2.22,Completed
2026-09-03,2026-09-04,BRIGADE,Largecap,Realty,23910.9,23897.7,-0.06,714.0,742.56,771.12,799.68,696.15,696.15,735.0,2.94,696.15,1,🛑 Stop Loss Hit (Day 1),-2.5,Completed
2026-09-03,2026-09-04,KIRIINDUS,Smallcap,Chemicals,23910.9,23897.7,-0.06,578.75,601.9,625.05,648.2,564.28,564.28,599.35,3.56,564.28,1,🛑 Stop Loss Hit (Day 1),-2.5,Completed
2026-09-03,2026-09-04,TIJARIA,Smallcap,Plastic products,23910.9,23897.7,-0.06,9.4,9.78,10.15,10.53,9.16,9.16,9.8,4.26,9.16,2,🛑 SL Hit on Remainder (T1 Booked) (Day 2),0.75,Completed
2026-09-03,2026-09-04,VIJIFIN,Smallcap,Financials,23910.9,23897.7,-0.06,16.58,17.24,17.91,18.57,16.17,16.17,17.24,3.98,16.17,5,🛑 Stop Loss Hit (Day 5),-2.5,Completed
2026-09-03,2026-09-04,PTCIL,Largecap,Industrials,23910.9,23897.7,-0.06,23705.0,24653.2,25601.4,26549.6,23112.38,23112.38,24125.0,1.77,23112.38,4,🛑 Stop Loss Hit (Day 4),-2.5,Completed
2026-09-03,2026-09-04,MANAKSTEEL,Smallcap,Metals & Mining,23910.9,23897.7,-0.06,109.0,113.36,117.72,122.08,106.27,106.27,113.0,3.67,106.27,2,🛑 Stop Loss Hit (Day 2),-2.5,Completed
2026-09-03,2026-09-04,SHREEPUSHK,Smallcap,Chemicals,23910.9,23897.7,-0.06,480.22,499.43,518.64,537.85,468.22,468.22,481.02,0.17,468.22,1,🛑 Stop Loss Hit (Day 1),-2.5,Completed
2026-09-03,2026-09-04,RPEL,Midcap,Building Materials,23910.9,23897.7,-0.06,1889.8,1965.39,2040.98,2116.58,1842.56,1842.56,1943.7,2.85,1842.56,1,🛑 Stop Loss Hit (Day 1),-2.5,Completed
2026-09-03,2026-09-04,ICDSLTD,Smallcap,Miscellaneous,23910.9,23897.7,-0.06,70.0,72.8,75.6,78.4,68.25,68.25,71.45,2.07,68.25,1,🛑 Stop Loss Hit (Day 1),-2.5,Completed
2026-09-03,2026-09-04,UNITEDPOLY,Smallcap,Textiles,23910.9,23897.7,-0.06,40.5,42.12,43.74,45.36,39.49,39.49,44.0,8.64,43.07,5,🚀 T1 & T2 Booked + Exited Day 5 Close,5.67,Completed
2026-09-03,2026-09-04,AKI,Smallcap,Consumer Discretionary,23910.9,23897.7,-0.06,7.22,7.51,7.8,8.09,7.04,7.04,8.34,15.51,8.09,3,🚀 Target 3 Hit (Day 3),6.8,Completed
2026-09-03,2026-09-04,KMEW,Midcap,Transportation,23910.9,23897.7,-0.06,3175.0,3302.0,3429.0,3556.0,3095.62,3095.62,3175.0,0.0,3095.62,1,🛑 Stop Loss Hit (Day 1),-2.5,Completed
2026-09-03,2026-09-04,GCSL,Smallcap,Financials,23910.9,23897.7,-0.06,592.0,615.68,639.36,663.04,577.2,577.2,616.9,4.21,614.8,5,🎯 Target 1 Booked (50%) + Exited Day 5 Close,3.93,Completed
2026-09-03,2026-09-04,AVALON,Midcap,Consumer Discretionary,23910.9,23897.7,-0.06,2320.0,2412.8,2505.6,2598.4,2262.0,2262.0,2347.7,1.19,2262.0,1,🛑 Stop Loss Hit (Day 1),-2.5,Completed
2026-09-03,2026-09-04,UDS,Smallcap,Miscellaneous,23910.9,23897.7,-0.06,240.0,249.6,259.2,268.8,234.0,234.0,240.3,0.13,234.0,1,🛑 Stop Loss Hit (Day 1),-2.5,Completed
2026-09-03,2026-09-04,RBZJEWEL,Smallcap,Consumer Discretionary,23910.9,23897.7,-0.06,197.0,204.88,212.76,220.64,192.07,192.07,204.7,3.91,192.07,2,🛑 Stop Loss Hit (Day 2),-2.5,Completed
2026-09-03,2026-09-04,SUDEEPPHRM,Midcap,Chemicals,23910.9,23897.7,-0.06,1300.1,1352.1,1404.11,1456.11,1267.6,1267.6,1378.0,5.99,1267.6,5,🛑 SL Hit on Remainder (T1 Booked) (Day 5),0.75,Completed
2026-09-04,2026-09-07,OAL,Smallcap,Chemicals,23883.15,23779.15,-0.44,519.9,540.7,561.49,582.29,506.9,506.9,544.7,4.77,506.9,1,🛑 SL Hit on Remainder (T1 Booked) (Day 1),0.75,Completed
2026-09-04,2026-09-07,IFCI,Largecap,Financials,23883.15,23779.15,-0.44,104.9,109.1,113.29,117.49,102.28,102.28,107.36,2.35,102.28,1,🛑 Stop Loss Hit (Day 1),-2.5,Completed
2026-09-04,2026-09-07,GFLLIMITED,Smallcap,Financials,23883.15,23779.15,-0.44,63.99,66.55,69.11,71.67,62.39,62.39,63.99,0.0,62.39,1,🛑 Stop Loss Hit (Day 1),-2.5,Completed
2026-09-04,2026-09-07,IGPL,Smallcap,Chemicals,23883.15,23779.15,-0.44,575.0,598.0,621.0,644.0,560.62,560.62,576.0,0.17,560.62,1,🛑 Stop Loss Hit (Day 1),-2.5,Completed
2026-09-04,2026-09-07,INDORAMA,Smallcap,Textiles,23883.15,23779.15,-0.44,74.0,76.96,79.92,82.88,72.15,72.15,78.0,5.41,72.15,1,🛑 SL Hit on Remainder (T1 Booked) (Day 1),0.75,Completed
2026-09-04,2026-09-07,ROLLT,Smallcap,Industrials,23883.15,23779.15,-0.44,4.5,4.68,4.86,5.04,4.39,4.39,4.58,1.78,4.39,1,🛑 Stop Loss Hit (Day 1),-2.5,Completed
2026-09-04,2026-09-07,SMLMAH,Midcap,Auto,23883.15,23779.15,-0.44,6339.0,6592.56,6846.12,7099.68,6180.52,6180.52,6449.0,1.74,6180.52,1,🛑 Stop Loss Hit (Day 1),-2.5,Completed
2026-09-04,2026-09-07,GMMPFAUDLR,Midcap,Industrials,23883.15,23779.15,-0.44,1140.0,1185.6,1231.2,1276.8,1111.5,1111.5,1308.6,14.79,1276.8,2,🚀 Target 3 Hit (Day 2),6.8,Completed
2026-09-04,2026-09-07,AUSOMENT,Smallcap,Consumer Discretionary,23883.15,23779.15,-0.44,161.71,168.18,174.65,181.12,157.67,157.67,162.36,0.4,157.67,1,🛑 Stop Loss Hit (Day 1),-2.5,Completed
2026-09-04,2026-09-07,LANCORHOL,Smallcap,Realty,23883.15,23779.15,-0.44,41.5,43.16,44.82,46.48,40.46,40.46,41.75,0.6,40.46,1,🛑 Stop Loss Hit (Day 1),-2.5,Completed
2026-09-04,2026-09-07,WELSPUNLIV,Largecap,Textiles,23883.15,23779.15,-0.44,210.0,218.4,226.8,235.2,204.75,204.75,216.0,2.86,204.75,2,🛑 Stop Loss Hit (Day 2),-2.5,Completed
2026-09-04,2026-09-07,VISHNU,Smallcap,Chemicals,23883.15,23779.15,-0.44,700.0,728.0,756.0,784.0,682.5,682.5,744.0,6.29,713.95,5,🎯 Target 1 Booked (50%) + Exited Day 5 Close,3.0,Completed
2026-09-04,2026-09-07,NRAIL,Smallcap,Building Materials,23883.15,23779.15,-0.44,595.0,618.8,642.6,666.4,580.12,580.12,650.0,9.24,580.12,5,🎯 T1 & T2 Booked + Trailing SL Hit (Day 5),3.9,Completed
2026-09-04,2026-09-07,PVP,Smallcap,Realty,23883.15,23779.15,-0.44,70.0,72.8,75.6,78.4,68.25,68.25,71.0,1.43,68.25,1,🛑 Stop Loss Hit (Day 1),-2.5,Completed
2026-09-04,2026-09-07,SUPERSPIN,Smallcap,Miscellaneous,23883.15,23779.15,-0.44,6.95,7.23,7.51,7.78,6.78,6.78,7.29,4.89,6.78,1,🛑 SL Hit on Remainder (T1 Booked) (Day 1),0.75,Completed
2026-09-04,2026-09-07,SHANTIGEAR,Midcap,Industrials,23883.15,23779.15,-0.44,620.0,644.8,669.6,694.4,604.5,604.5,704.0,13.55,694.4,2,🚀 Target 3 Hit (Day 2),6.8,Completed
2026-09-04,2026-09-07,MENONBE,Smallcap,Auto,23883.15,23779.15,-0.44,320.0,332.8,345.6,358.4,312.0,312.0,324.0,1.25,312.0,1,🛑 Stop Loss Hit (Day 1),-2.5,Completed
2026-09-04,2026-09-07,AKSHARCHEM,Smallcap,Chemicals,23883.15,23779.15,-0.44,440.0,457.6,475.2,492.8,429.0,429.0,472.0,7.27,429.0,4,🛑 SL Hit on Remainder (T1 Booked) (Day 4),0.75,Completed
2026-09-04,2026-09-07,SEAMECLTD,Smallcap,Miscellaneous,23883.15,23779.15,-0.44,1795.0,1866.8,1938.6,2010.4,1750.12,1750.12,1828.9,1.89,1750.12,2,🛑 Stop Loss Hit (Day 2),-2.5,Completed
2026-09-04,2026-09-07,JINDWORLD,Smallcap,Textiles,23883.15,23779.15,-0.44,59.15,61.52,63.88,66.25,57.67,57.67,61.99,4.8,57.67,1,🛑 SL Hit on Remainder (T1 Booked) (Day 1),0.75,Completed
2026-09-04,2026-09-07,CGCL,Largecap,Financials,23883.15,23779.15,-0.44,282.7,294.01,305.32,316.62,275.63,275.63,287.45,1.68,275.63,1,🛑 Stop Loss Hit (Day 1),-2.5,Completed
2026-09-04,2026-09-07,UMIYA-MRO,Smallcap,Telecom,23883.15,23779.15,-0.44,108.0,112.32,116.64,120.96,105.3,105.3,109.0,0.93,105.3,1,🛑 Stop Loss Hit (Day 1),-2.5,Completed
2026-09-04,2026-09-07,WELENT,Midcap,Realty,23883.15,23779.15,-0.44,813.6,846.14,878.69,911.23,793.26,793.26,815.2,0.2,793.26,1,🛑 Stop Loss Hit (Day 1),-2.5,Completed
2026-09-04,2026-09-07,CYBERMEDIA,Smallcap,Media,23883.15,23779.15,-0.44,26.82,27.89,28.97,30.04,26.15,26.15,28.99,8.09,26.15,2,🎯 T1 & T2 Booked + Trailing SL Hit (Day 2),3.9,Completed
2026-09-04,2026-09-07,KAMDHENU,Smallcap,Metals & Mining,23883.15,23779.15,-0.44,39.63,41.22,42.8,44.39,38.64,38.64,40.95,3.33,38.64,4,🛑 Stop Loss Hit (Day 4),-2.5,Completed
2026-09-04,2026-09-07,DEEPINDS,Smallcap,Energy,23883.15,23779.15,-0.44,790.0,821.6,853.2,884.8,770.25,770.25,799.5,1.2,770.25,1,🛑 Stop Loss Hit (Day 1),-2.5,Completed
2026-09-04,2026-09-07,PCJEWELLER,Midcap,Consumer Discretionary,23883.15,23779.15,-0.44,12.29,12.78,13.27,13.76,11.98,11.98,14.08,14.56,13.76,1,🚀 Target 3 Hit (Day 1),6.8,Completed
2026-09-04,2026-09-07,PTCIL,Largecap,Industrials,23883.15,23779.15,-0.44,23770.0,24720.8,25671.6,26622.4,23175.75,23175.75,24085.0,1.33,23175.75,3,🛑 Stop Loss Hit (Day 3),-2.5,Completed
2026-09-04,2026-09-07,SHIVALIK,Smallcap,Chemicals,23883.15,23779.15,-0.44,332.0,345.28,358.56,371.84,323.7,323.7,344.0,3.61,323.7,1,🛑 Stop Loss Hit (Day 1),-2.5,Completed
2026-09-04,2026-09-07,RBLBANK,Largecap,Bank,23883.15,23779.15,-0.44,416.0,432.64,449.28,465.92,405.6,405.6,420.4,1.06,412.55,5,⏱️ Exited at Day 5 Close,-0.83,Completed
2026-09-04,2026-09-07,RADHIKAJWE,Smallcap,Consumer Discretionary,23883.15,23779.15,-0.44,84.62,88.0,91.39,94.77,82.5,82.5,97.4,15.1,94.77,1,🚀 Target 3 Hit (Day 1),6.8,Completed
2026-09-04,2026-09-07,AMBICAAGAR,Smallcap,Chemicals,23883.15,23779.15,-0.44,27.0,28.08,29.16,30.24,26.32,26.32,27.78,2.89,26.32,1,🛑 Stop Loss Hit (Day 1),-2.5,Completed
2026-09-04,2026-09-07,UNITEDPOLY,Smallcap,Textiles,23883.15,23779.15,-0.44,42.0,43.68,45.36,47.04,40.95,40.95,44.0,4.76,43.28,5,🎯 Target 1 Booked (50%) + Exited Day 5 Close,3.52,Completed
2026-09-04,2026-09-07,NIACL,Largecap,Financials,23883.15,23779.15,-0.44,233.9,243.26,252.61,261.97,228.05,228.05,242.6,3.72,228.05,1,🛑 Stop Loss Hit (Day 1),-2.5,Completed
2026-09-04,2026-09-07,IRISDOREME,Smallcap,Consumer Discretionary,23883.15,23779.15,-0.44,65.0,67.6,70.2,72.8,63.38,63.38,65.0,0.0,63.38,1,🛑 Stop Loss Hit (Day 1),-2.5,Completed
2026-09-04,2026-09-07,MANYAVAR,Midcap,Consumer Discretionary,23883.15,23779.15,-0.44,597.1,620.98,644.87,668.75,582.17,582.17,598.2,0.18,582.17,2,🛑 Stop Loss Hit (Day 2),-2.5,Completed
2026-09-04,2026-09-07,PRUDENT,Midcap,Financials,23883.15,23779.15,-0.44,3336.8,3470.27,3603.74,3737.22,3253.38,3253.38,3400.3,1.9,3253.38,3,🛑 Stop Loss Hit (Day 3),-2.5,Completed
2026-09-04,2026-09-07,CYIENTDLM,Midcap,Aerospace & Defence,23883.15,23779.15,-0.44,856.0,890.24,924.48,958.72,834.6,834.6,1009.0,17.87,958.72,2,🚀 Target 3 Hit (Day 2),6.8,Completed
2026-09-04,2026-09-07,INNOVACAP,Midcap,Healthcare,23883.15,23779.15,-0.44,1198.9,1246.86,1294.81,1342.77,1168.93,1168.93,1199.4,0.04,1168.93,1,🛑 Stop Loss Hit (Day 1),-2.5,Completed
2026-09-04,2026-09-07,MUKKA,Smallcap,FMCG,23883.15,23779.15,-0.44,31.5,32.76,34.02,35.28,30.71,30.71,33.22,5.46,30.71,2,🛑 SL Hit on Remainder (T1 Booked) (Day 2),0.75,Completed
2026-09-04,2026-09-07,PRABHA,Smallcap,Energy,23883.15,23779.15,-0.44,235.1,244.5,253.91,263.31,229.22,229.22,262.8,11.78,244.64,5,🚀 T1 & T2 Booked + Exited Day 5 Close,5.21,Completed
2026-09-04,2026-09-07,KSHINTL,Midcap,Metals & Mining,23883.15,23779.15,-0.44,1094.65,1138.44,1182.22,1226.01,1067.28,1067.28,1198.0,9.44,1170.9,5,🚀 T1 & T2 Booked + Exited Day 5 Close,5.79,Completed
2026-09-07,2026-09-08,OAL,Smallcap,Chemicals,23743.1,23635.1,-0.45,530.25,551.46,572.67,593.88,516.99,516.99,545.95,2.96,516.99,1,🛑 Stop Loss Hit (Day 1),-2.5,Completed
2026-09-07,2026-09-08,INDORAMA,Smallcap,Textiles,23743.1,23635.1,-0.45,74.25,77.22,80.19,83.16,72.39,72.39,76.0,2.36,72.39,1,🛑 Stop Loss Hit (Day 1),-2.5,Completed
2026-09-07,2026-09-08,WSTCSTPAPR,Midcap,Building Materials,23743.1,23635.1,-0.45,689.8,717.39,744.98,772.58,672.55,672.55,699.15,1.36,672.55,2,🛑 Stop Loss Hit (Day 2),-2.5,Completed
2026-09-07,2026-09-08,ROLLT,Smallcap,Industrials,23743.1,23635.1,-0.45,4.65,4.84,5.02,5.21,4.53,4.53,4.95,6.45,4.53,3,🛑 SL Hit on Remainder (T1 Booked) (Day 3),0.75,Completed
2026-09-07,2026-09-08,RUBYMILLS,Smallcap,Textiles,23743.1,23635.1,-0.45,445.28,463.09,480.9,498.71,434.15,434.15,485.66,9.07,434.15,4,🎯 T1 & T2 Booked + Trailing SL Hit (Day 4),3.9,Completed
2026-09-07,2026-09-08,GMMPFAUDLR,Midcap,Industrials,23743.1,23635.1,-0.45,1262.8,1313.31,1363.82,1414.34,1231.23,1231.23,1352.0,7.06,1307.9,5,🎯 Target 1 Booked (50%) + Exited Day 5 Close,3.79,Completed
2026-09-07,2026-09-08,BLISSGVS,Midcap,Healthcare,23743.1,23635.1,-0.45,720.0,748.8,777.6,806.4,702.0,702.0,725.9,0.82,702.0,1,🛑 Stop Loss Hit (Day 1),-2.5,Completed
2026-09-07,2026-09-08,ANUHPHR,Smallcap,Healthcare,23743.1,23635.1,-0.45,92.0,95.68,99.36,103.04,89.7,89.7,99.5,8.15,94.86,5,🚀 T1 & T2 Booked + Exited Day 5 Close,5.02,Completed
2026-09-07,2026-09-08,IVP,Smallcap,Chemicals,23743.1,23635.1,-0.45,212.9,221.42,229.93,238.45,207.58,207.58,222.0,4.27,214.47,5,🎯 Target 1 Booked (50%) + Exited Day 5 Close,2.37,Completed
2026-09-07,2026-09-08,AEROENTER,Smallcap,Metals & Mining,23743.1,23635.1,-0.45,157.0,163.28,169.56,175.84,153.07,153.07,159.6,1.66,153.07,1,🛑 Stop Loss Hit (Day 1),-2.5,Completed
2026-09-07,2026-09-08,WELSPUNLIV,Largecap,Textiles,23743.1,23635.1,-0.45,212.0,220.48,228.96,237.44,206.7,206.7,212.8,0.38,206.7,1,🛑 Stop Loss Hit (Day 1),-2.5,Completed
2026-09-07,2026-09-08,STARPAPER,Smallcap,Building Materials,23743.1,23635.1,-0.45,160.48,166.9,173.31,179.73,156.46,156.46,163.43,1.84,156.46,1,🛑 Stop Loss Hit (Day 1),-2.5,Completed
2026-09-07,2026-09-08,VISHNU,Smallcap,Chemicals,23743.1,23635.1,-0.45,736.5,765.96,795.42,824.88,718.09,718.09,742.0,0.75,718.09,1,🛑 Stop Loss Hit (Day 1),-2.5,Completed
2026-09-07,2026-09-08,NRAIL,Smallcap,Building Materials,23743.1,23635.1,-0.45,599.9,623.9,647.89,671.89,584.9,584.9,650.0,8.35,584.9,4,🎯 T1 & T2 Booked + Trailing SL Hit (Day 4),3.9,Completed
2026-09-07,2026-09-08,VINDHYATEL,Smallcap,Realty,23743.1,23635.1,-0.45,2789.0,2900.56,3012.12,3123.68,2719.28,2719.28,2824.5,1.27,2719.28,1,🛑 Stop Loss Hit (Day 1),-2.5,Completed
2026-09-07,2026-09-08,CENTUM,Midcap,Aerospace & Defence,23743.1,23635.1,-0.45,4375.0,4550.0,4725.0,4900.0,4265.62,4265.62,4400.0,0.57,4265.62,1,🛑 Stop Loss Hit (Day 1),-2.5,Completed
2026-09-07,2026-09-08,SUPERSPIN,Smallcap,Miscellaneous,23743.1,23635.1,-0.45,7.05,7.33,7.61,7.9,6.87,6.87,7.14,1.28,6.87,1,🛑 Stop Loss Hit (Day 1),-2.5,Completed
2026-09-07,2026-09-08,DOLPHIN,Smallcap,Energy,23743.1,23635.1,-0.45,726.95,756.03,785.11,814.18,708.78,708.78,731.0,0.56,708.78,1,🛑 Stop Loss Hit (Day 1),-2.5,Completed
2026-09-07,2026-09-08,IOLCP,Midcap,Healthcare,23743.1,23635.1,-0.45,215.0,223.6,232.2,240.8,209.62,209.62,219.04,1.88,209.62,1,🛑 Stop Loss Hit (Day 1),-2.5,Completed
2026-09-07,2026-09-08,KOPRAN,Smallcap,Healthcare,23743.1,23635.1,-0.45,245.87,255.7,265.54,275.37,239.72,239.72,249.99,1.68,239.72,1,🛑 Stop Loss Hit (Day 1),-2.5,Completed
2026-09-07,2026-09-08,AKSHARCHEM,Smallcap,Chemicals,23743.1,23635.1,-0.45,465.0,483.6,502.2,520.8,453.38,453.38,472.0,1.51,453.38,1,🛑 Stop Loss Hit (Day 1),-2.5,Completed
2026-09-07,2026-09-08,MOLDTECH,Smallcap,Realty,23743.1,23635.1,-0.45,222.87,231.79,240.7,249.62,217.3,217.3,224.86,0.89,217.3,1,🛑 Stop Loss Hit (Day 1),-2.5,Completed
2026-09-07,2026-09-08,THEMISMED,Smallcap,Healthcare,23743.1,23635.1,-0.45,132.0,137.28,142.56,147.84,128.7,128.7,136.2,3.18,128.7,4,🛑 Stop Loss Hit (Day 4),-2.5,Completed
2026-09-07,2026-09-08,BALAMINES,Midcap,Chemicals,23743.1,23635.1,-0.45,2575.0,2678.0,2781.0,2884.0,2510.62,2510.62,2581.2,0.24,2510.62,1,🛑 Stop Loss Hit (Day 1),-2.5,Completed
2026-09-07,2026-09-08,ALMONDZ,Smallcap,Financials,23743.1,23635.1,-0.45,19.95,20.75,21.55,22.34,19.45,19.45,20.0,0.25,19.45,1,🛑 Stop Loss Hit (Day 1),-2.5,Completed
2026-09-07,2026-09-08,RML,Smallcap,Auto,23743.1,23635.1,-0.45,1351.0,1405.04,1459.08,1513.12,1317.22,1317.22,1440.0,6.59,1360.0,5,🎯 Target 1 Booked (50%) + Exited Day 5 Close,2.33,Completed
2026-09-07,2026-09-08,SOLARINDS,Largecap,Aerospace & Defence,23743.1,23635.1,-0.45,22130.0,23015.2,23900.4,24785.6,21576.75,21576.75,22625.0,2.24,22290.0,5,⏱️ Exited at Day 5 Close,0.72,Completed
2026-09-07,2026-09-08,CINELINE,Smallcap,Media,23743.1,23635.1,-0.45,98.05,101.97,105.89,109.81,95.6,95.6,98.05,0.0,95.6,1,🛑 Stop Loss Hit (Day 1),-2.5,Completed
2026-09-07,2026-09-08,PAISALO,Midcap,Financials,23743.1,23635.1,-0.45,78.67,81.81,84.96,88.1,76.7,76.7,78.76,0.11,76.7,1,🛑 Stop Loss Hit (Day 1),-2.5,Completed
2026-09-07,2026-09-08,KIRIINDUS,Smallcap,Chemicals,23743.1,23635.1,-0.45,585.0,608.4,631.8,655.2,570.38,570.38,603.5,3.16,570.38,1,🛑 Stop Loss Hit (Day 1),-2.5,Completed
2026-09-07,2026-09-08,TEXMOPIPES,Smallcap,Plastic products,23743.1,23635.1,-0.45,54.95,57.15,59.35,61.54,53.58,53.58,54.95,0.0,53.58,1,🛑 Stop Loss Hit (Day 1),-2.5,Completed
2026-09-07,2026-09-08,FCL,Midcap,Chemicals,23743.1,23635.1,-0.45,58.84,61.19,63.55,65.9,57.37,57.37,59.5,1.12,57.37,1,🛑 Stop Loss Hit (Day 1),-2.5,Completed
2026-09-07,2026-09-08,NECCLTD,Smallcap,Transportation,23743.1,23635.1,-0.45,19.95,20.75,21.55,22.34,19.45,19.45,19.95,0.0,19.45,1,🛑 Stop Loss Hit (Day 1),-2.5,Completed
2026-09-07,2026-09-08,PCJEWELLER,Midcap,Consumer Discretionary,23743.1,23635.1,-0.45,14.23,14.8,15.37,15.94,13.87,13.87,14.44,1.48,13.87,1,🛑 Stop Loss Hit (Day 1),-2.5,Completed
2026-09-07,2026-09-08,SREEL,Smallcap,Consumer Discretionary,23743.1,23635.1,-0.45,279.4,290.58,301.75,312.93,272.41,272.41,345.01,23.48,312.93,2,🚀 Target 3 Hit (Day 2),6.8,Completed
2026-09-07,2026-09-08,SKIPPER,Midcap,Industrials,23743.1,23635.1,-0.45,605.0,629.2,653.4,677.6,589.88,589.88,616.8,1.95,589.88,3,🛑 Stop Loss Hit (Day 3),-2.5,Completed
2026-09-07,2026-09-08,SHREEPUSHK,Smallcap,Chemicals,23743.1,23635.1,-0.45,525.84,546.87,567.9,588.94,512.69,512.69,542.97,3.26,512.69,1,🛑 Stop Loss Hit (Day 1),-2.5,Completed
2026-09-07,2026-09-08,RADHIKAJWE,Smallcap,Consumer Discretionary,23743.1,23635.1,-0.45,94.21,97.98,101.75,105.52,91.85,91.85,97.5,3.49,91.85,1,🛑 Stop Loss Hit (Day 1),-2.5,Completed
2026-09-07,2026-09-08,UNITEDPOLY,Smallcap,Textiles,23743.1,23635.1,-0.45,42.99,44.71,46.43,48.15,41.92,41.92,43.0,0.02,41.92,1,🛑 Stop Loss Hit (Day 1),-2.5,Completed
2026-09-07,2026-09-08,MMP,Smallcap,Metals & Mining,23743.1,23635.1,-0.45,454.75,472.94,491.13,509.32,443.38,443.38,485.0,6.65,443.38,3,🛑 SL Hit on Remainder (T1 Booked) (Day 3),0.75,Completed
2026-09-07,2026-09-08,SOLARA,Smallcap,Healthcare,23743.1,23635.1,-0.45,708.0,736.32,764.64,792.96,690.3,690.3,719.0,1.55,690.3,1,🛑 Stop Loss Hit (Day 1),-2.5,Completed
2026-09-07,2026-09-08,MSTCLTD,Midcap,I.T,23743.1,23635.1,-0.45,781.6,812.86,844.12,875.39,762.06,762.06,795.73,1.81,762.06,1,🛑 Stop Loss Hit (Day 1),-2.5,Completed
2026-09-07,2026-09-08,SBC,Smallcap,Textiles,23743.1,23635.1,-0.45,46.99,48.87,50.75,52.63,45.82,45.82,49.38,5.09,48.33,5,🎯 Target 1 Booked (50%) + Exited Day 5 Close,3.43,Completed
2026-09-07,2026-09-08,GCSL,Smallcap,Financials,23743.1,23635.1,-0.45,602.9,627.02,651.13,675.25,587.83,587.83,616.9,2.32,601.55,5,⏱️ Exited at Day 5 Close,-0.22,Completed
2026-09-07,2026-09-08,NRL,Smallcap,Services,23743.1,23635.1,-0.45,135.5,140.92,146.34,151.76,132.11,132.11,137.79,1.69,132.11,1,🛑 Stop Loss Hit (Day 1),-2.5,Completed
2026-09-07,2026-09-08,MONQ50,Smallcap,Indices,23743.1,23635.1,-0.45,168.19,174.92,181.65,188.37,163.99,163.99,196.9,17.07,188.37,1,🚀 Target 3 Hit (Day 1),6.8,Completed
2026-09-07,2026-09-08,SYRMA,Largecap,Consumer Discretionary,23743.1,23635.1,-0.45,1627.0,1692.08,1757.16,1822.24,1586.33,1586.33,1660.0,2.03,1586.33,4,🛑 Stop Loss Hit (Day 4),-2.5,Completed
2026-09-07,2026-09-08,RISHABH,Smallcap,Industrials,23743.1,23635.1,-0.45,803.9,836.06,868.21,900.37,783.8,783.8,852.0,5.98,829.6,5,🎯 Target 1 Booked (50%) + Exited Day 5 Close,3.6,Completed
2026-09-07,2026-09-08,MVGJL,Smallcap,Consumer Discretionary,23743.1,23635.1,-0.45,233.99,243.35,252.71,262.07,228.14,228.14,233.99,0.0,228.14,1,🛑 Stop Loss Hit (Day 1),-2.5,Completed
2026-09-07,2026-09-08,MUKKA,Smallcap,FMCG,23743.1,23635.1,-0.45,32.53,33.83,35.13,36.43,31.72,31.72,32.78,0.77,31.72,1,🛑 Stop Loss Hit (Day 1),-2.5,Completed
2026-09-08,2026-09-09,ASIANHOTNR,Smallcap,Services,23522.05,23431.5,-0.38,415.0,431.6,448.2,464.8,404.62,404.62,419.2,1.01,404.62,1,🛑 Stop Loss Hit (Day 1),-2.5,Completed
2026-09-08,2026-09-09,BEML,Midcap,Aerospace & Defence,23522.05,23431.5,-0.38,2105.0,2189.2,2273.4,2357.6,2052.38,2052.38,2146.0,1.95,2052.38,2,🛑 Stop Loss Hit (Day 2),-2.5,Completed
2026-09-08,2026-09-09,IGPL,Smallcap,Chemicals,23522.05,23431.5,-0.38,587.95,611.47,634.99,658.5,573.25,573.25,587.95,0.0,573.25,1,🛑 Stop Loss Hit (Day 1),-2.5,Completed
2026-09-08,2026-09-09,INDIAGLYCO,Smallcap,FMCG,23522.05,23431.5,-0.38,301.3,313.35,325.4,337.46,293.77,293.77,316.3,4.98,293.77,2,🛑 SL Hit on Remainder (T1 Booked) (Day 2),0.75,Completed
2026-09-08,2026-09-09,LYKALABS,Smallcap,Healthcare,23522.05,23431.5,-0.38,83.14,86.47,89.79,93.12,81.06,81.06,84.8,2.0,81.06,5,🛑 Stop Loss Hit (Day 5),-2.5,Completed
2026-09-08,2026-09-09,RAYMOND,Midcap,Transportation,23522.05,23431.5,-0.38,834.5,867.88,901.26,934.64,813.64,813.64,834.5,0.0,813.64,1,🛑 Stop Loss Hit (Day 1),-2.5,Completed
2026-09-08,2026-09-09,NOVARTIND,Midcap,Healthcare,23522.05,23431.5,-0.38,1873.7,1948.65,2023.6,2098.54,1826.86,1826.86,2186.4,16.69,2098.54,1,🚀 Target 3 Hit (Day 1),6.8,Completed
2026-09-08,2026-09-09,TNPETRO,Smallcap,Energy,23522.05,23431.5,-0.38,139.61,145.2,150.78,156.36,136.12,136.12,143.05,2.46,136.12,1,🛑 Stop Loss Hit (Day 1),-2.5,Completed
2026-09-08,2026-09-09,ROLLT,Smallcap,Industrials,23522.05,23431.5,-0.38,4.95,5.15,5.35,5.54,4.83,4.83,4.95,0.0,4.83,1,🛑 Stop Loss Hit (Day 1),-2.5,Completed
2026-09-08,2026-09-09,GMMPFAUDLR,Midcap,Industrials,23522.05,23431.5,-0.38,1305.0,1357.2,1409.4,1461.6,1272.38,1272.38,1384.8,6.11,1348.0,5,🎯 Target 1 Booked (50%) + Exited Day 5 Close,3.65,Completed
2026-09-08,2026-09-09,GENESYS,Smallcap,I.T,23522.05,23431.5,-0.38,291.01,302.65,314.29,325.93,283.73,283.73,297.4,2.2,283.73,1,🛑 Stop Loss Hit (Day 1),-2.5,Completed
2026-09-08,2026-09-09,BLISSGVS,Midcap,Healthcare,23522.05,23431.5,-0.38,722.3,751.19,780.08,808.98,704.24,704.24,725.0,0.37,704.24,1,🛑 Stop Loss Hit (Day 1),-2.5,Completed
2026-09-08,2026-09-09,ANUHPHR,Smallcap,Healthcare,23522.05,23431.5,-0.38,96.0,99.84,103.68,107.52,93.6,93.6,99.5,3.65,93.6,2,🛑 Stop Loss Hit (Day 2),-2.5,Completed
2026-09-08,2026-09-09,NRAIL,Smallcap,Building Materials,23522.05,23431.5,-0.38,649.9,675.9,701.89,727.89,633.65,633.65,650.0,0.02,633.65,1,🛑 Stop Loss Hit (Day 1),-2.5,Completed
2026-09-08,2026-09-09,MARALOVER,Smallcap,Textiles,23522.05,23431.5,-0.38,67.1,69.78,72.47,75.15,65.42,65.42,67.89,1.18,65.42,1,🛑 Stop Loss Hit (Day 1),-2.5,Completed
2026-09-08,2026-09-09,KABRAEXTRU,Smallcap,Industrials,23522.05,23431.5,-0.38,656.45,682.71,708.97,735.22,640.04,640.04,678.95,3.43,640.04,1,🛑 Stop Loss Hit (Day 1),-2.5,Completed
2026-09-08,2026-09-09,JAYAGROGN,Smallcap,Chemicals,23522.05,23431.5,-0.38,254.0,264.16,274.32,284.48,247.65,247.65,265.0,4.33,247.65,3,🛑 SL Hit on Remainder (T1 Booked) (Day 3),0.75,Completed
2026-09-08,2026-09-09,PODDARMENT,Smallcap,Chemicals,23522.05,23431.5,-0.38,308.57,320.91,333.26,345.6,300.86,300.86,310.79,0.72,300.86,1,🛑 Stop Loss Hit (Day 1),-2.5,Completed
2026-09-08,2026-09-09,ASIANENE,Smallcap,Energy,23522.05,23431.5,-0.38,551.5,573.56,595.62,617.68,537.71,537.71,560.58,1.65,537.71,1,🛑 Stop Loss Hit (Day 1),-2.5,Completed
2026-09-08,2026-09-09,INDSWFTLAB,Smallcap,Healthcare,23522.05,23431.5,-0.38,389.7,405.29,420.88,436.46,379.96,379.96,404.0,3.67,379.96,2,🛑 Stop Loss Hit (Day 2),-2.5,Completed
2026-09-08,2026-09-09,STLTECH,Largecap,Industrials,23522.05,23431.5,-0.38,815.0,847.6,880.2,912.8,794.62,794.62,912.0,11.9,852.55,5,🚀 T1 & T2 Booked + Exited Day 5 Close,5.32,Completed
2026-09-08,2026-09-09,IMPEXFERRO,Smallcap,Metals & Mining,23522.05,23431.5,-0.38,4.99,5.19,5.39,5.59,4.87,4.87,5.38,7.82,5.38,5,🎯 Target 1 Booked (50%) + Exited Day 5 Close,5.91,Completed
2026-09-08,2026-09-09,DCBBANK,Midcap,Bank,23522.05,23431.5,-0.38,229.0,238.16,247.32,256.48,223.28,223.28,231.96,1.29,223.28,5,🛑 Stop Loss Hit (Day 5),-2.5,Completed
2026-09-08,2026-09-09,EDELWEISS,Midcap,Financials,23522.05,23431.5,-0.38,137.62,143.13,148.63,154.14,134.18,134.18,137.62,0.0,134.18,1,🛑 Stop Loss Hit (Day 1),-2.5,Completed
2026-09-08,2026-09-09,MANAKSIA,Smallcap,Services,23522.05,23431.5,-0.38,68.9,71.66,74.41,77.17,67.18,67.18,68.9,0.0,67.18,1,🛑 Stop Loss Hit (Day 1),-2.5,Completed
2026-09-08,2026-09-09,CORDSCABLE,Smallcap,Industrials,23522.05,23431.5,-0.38,379.7,394.89,410.08,425.26,370.21,370.21,394.9,4.0,370.21,1,🛑 SL Hit on Remainder (T1 Booked) (Day 1),0.75,Completed
2026-09-08,2026-09-09,FCL,Midcap,Chemicals,23522.05,23431.5,-0.38,58.2,60.53,62.86,65.18,56.75,56.75,62.4,7.22,56.75,3,🛑 SL Hit on Remainder (T1 Booked) (Day 3),0.75,Completed
2026-09-08,2026-09-09,WHEELS,Midcap,Auto,23522.05,23431.5,-0.38,2110.0,2194.4,2278.8,2363.2,2057.25,2057.25,2450.0,16.11,2363.2,1,🚀 Target 3 Hit (Day 1),6.8,Completed
2026-09-08,2026-09-09,JOCIL,Smallcap,Chemicals,23522.05,23431.5,-0.38,163.99,170.55,177.11,183.67,159.89,159.89,164.0,0.01,159.89,1,🛑 Stop Loss Hit (Day 1),-2.5,Completed
2026-09-08,2026-09-09,PKTEA,Smallcap,FMCG,23522.05,23431.5,-0.38,976.85,1015.92,1055.0,1094.07,952.43,952.43,1160.0,18.75,1094.07,1,🚀 Target 3 Hit (Day 1),6.8,Completed
2026-09-08,2026-09-09,SAKAR,Smallcap,Healthcare,23522.05,23431.5,-0.38,1169.0,1215.76,1262.52,1309.28,1139.77,1139.77,1178.95,0.85,1139.77,1,🛑 Stop Loss Hit (Day 1),-2.5,Completed
2026-09-08,2026-09-09,GLOBAL,Smallcap,Services,23522.05,23431.5,-0.38,126.62,131.68,136.75,141.81,123.45,123.45,128.54,1.52,123.45,2,🛑 Stop Loss Hit (Day 2),-2.5,Completed
2026-09-08,2026-09-09,ARVEE,Smallcap,Chemicals,23522.05,23431.5,-0.38,206.0,214.24,222.48,230.72,200.85,200.85,224.99,9.22,200.85,2,🎯 T1 & T2 Booked + Trailing SL Hit (Day 2),3.9,Completed
2026-09-08,2026-09-09,MIDHANI,Midcap,Aerospace & Defence,23522.05,23431.5,-0.38,473.85,492.8,511.76,530.71,462.0,462.0,474.9,0.22,462.0,1,🛑 Stop Loss Hit (Day 1),-2.5,Completed
2026-09-08,2026-09-09,MMP,Smallcap,Metals & Mining,23522.05,23431.5,-0.38,475.7,494.73,513.76,532.78,463.81,463.81,483.0,1.53,463.81,1,🛑 Stop Loss Hit (Day 1),-2.5,Completed
2026-09-08,2026-09-09,SOLARA,Smallcap,Healthcare,23522.05,23431.5,-0.38,700.0,728.0,756.0,784.0,682.5,682.5,774.0,10.57,715.8,5,🚀 T1 & T2 Booked + Exited Day 5 Close,4.85,Completed
2026-09-08,2026-09-09,SUPREMEENG,Smallcap,Metals & Mining,23522.05,23431.5,-0.38,3.21,3.34,3.47,3.6,3.13,3.13,3.45,7.48,3.45,5,🎯 Target 1 Booked (50%) + Exited Day 5 Close,5.74,Completed
2026-09-08,2026-09-09,MANORAMA,Midcap,FMCG,23522.05,23431.5,-0.38,2131.28,2216.53,2301.78,2387.04,2078.0,2078.0,2138.08,0.32,2078.0,1,🛑 Stop Loss Hit (Day 1),-2.5,Completed
2026-09-08,2026-09-09,MAFANG,Smallcap,Indices,23522.05,23431.5,-0.38,235.9,245.34,254.77,264.21,230.0,230.0,258.47,9.57,230.0,1,🎯 T1 & T2 Booked + Trailing SL Hit (Day 1),3.9,Completed
2026-09-08,2026-09-09,MASPTOP50,Smallcap,Indices,23522.05,23431.5,-0.38,99.43,103.41,107.38,111.36,96.94,96.94,111.56,12.2,111.36,1,🚀 Target 3 Hit (Day 1),6.8,Completed
2026-09-08,2026-09-09,MONQ50,Smallcap,Indices,23522.05,23431.5,-0.38,198.0,205.92,213.84,221.76,193.05,193.05,234.92,18.65,221.76,1,🚀 Target 3 Hit (Day 1),6.8,Completed
2026-09-08,2026-09-09,VENUSPIPES,Smallcap,Metals & Mining,23522.05,23431.5,-0.38,1945.0,2022.8,2100.6,2178.4,1896.38,1896.38,2044.4,5.11,1941.6,5,🎯 Target 1 Booked (50%) + Exited Day 5 Close,1.91,Completed
2026-09-08,2026-09-09,CYIENTDLM,Midcap,Aerospace & Defence,23522.05,23431.5,-0.38,980.0,1019.2,1058.4,1097.6,955.5,955.5,989.95,1.02,955.5,1,🛑 Stop Loss Hit (Day 1),-2.5,Completed
2026-09-08,2026-09-09,AEROFLEX,Midcap,Metals & Mining,23522.05,23431.5,-0.38,572.0,594.88,617.76,640.64,557.7,557.7,573.4,0.24,557.7,1,🛑 Stop Loss Hit (Day 1),-2.5,Completed
2026-09-08,2026-09-09,VALIANTLAB,Smallcap,Healthcare,23522.05,23431.5,-0.38,116.6,121.26,125.93,130.59,113.68,113.68,129.9,11.41,122.63,5,🚀 T1 & T2 Booked + Exited Day 5 Close,5.43,Completed
2026-09-08,2026-09-09,ROSSTECH,Midcap,Aerospace & Defence,23522.05,23431.5,-0.38,1219.73,1268.52,1317.31,1366.1,1189.24,1189.24,1241.42,1.78,1189.24,1,🛑 Stop Loss Hit (Day 1),-2.5,Completed
2026-09-08,2026-09-09,SAILIFE,Largecap,Healthcare,23522.05,23431.5,-0.38,1647.3,1713.19,1779.08,1844.98,1606.12,1606.12,1697.0,3.02,1606.12,2,🛑 Stop Loss Hit (Day 2),-2.5,Completed
2026-09-08,2026-09-09,UNIMECH,Midcap,Aerospace & Defence,23522.05,23431.5,-0.38,1649.0,1714.96,1780.92,1846.88,1607.77,1607.77,1652.8,0.23,1607.77,1,🛑 Stop Loss Hit (Day 1),-2.5,Completed
2026-09-08,2026-09-09,INDIQUBE,Smallcap,Co-Working,23522.05,23431.5,-0.38,202.93,211.05,219.16,227.28,197.86,197.86,206.96,1.99,197.86,1,🛑 Stop Loss Hit (Day 1),-2.5,Completed
2026-09-08,2026-09-09,KSHINTL,Midcap,Metals & Mining,23522.05,23431.5,-0.38,1190.2,1237.81,1285.42,1333.02,1160.44,1160.44,1198.0,0.66,1160.44,1,🛑 Stop Loss Hit (Day 1),-2.5,Completed
2026-09-09,2026-09-10,BIRLACABLE,Smallcap,Industrials,23446.6,23477.8,0.13,369.45,384.23,399.01,413.78,360.21,360.21,411.95,11.5,360.21,4,🎯 T1 & T2 Booked + Trailing SL Hit (Day 4),3.9,Completed
2026-09-09,2026-09-10,CHENNPETRO,Largecap,Energy,23446.6,23477.8,0.13,1604.4,1668.58,1732.75,1796.93,1564.29,1564.29,1677.5,4.56,1564.29,2,🛑 SL Hit on Remainder (T1 Booked) (Day 2),0.75,Completed
2026-09-09,2026-09-10,INDORAMA,Smallcap,Textiles,23446.6,23477.8,0.13,85.68,89.11,92.53,95.96,83.54,83.54,90.0,5.04,83.54,1,🛑 SL Hit on Remainder (T1 Booked) (Day 1),0.75,Completed
2026-09-09,2026-09-10,NOVARTIND,Midcap,Healthcare,23446.6,23477.8,0.13,2260.0,2350.4,2440.8,2531.2,2203.5,2203.5,2588.8,14.55,2531.2,1,🚀 Target 3 Hit (Day 1),6.8,Completed
2026-09-09,2026-09-10,GRAPHITE,Midcap,Industrials,23446.6,23477.8,0.13,839.15,872.72,906.28,939.85,818.17,818.17,868.95,3.55,818.17,2,🛑 Stop Loss Hit (Day 2),-2.5,Completed
2026-09-09,2026-09-10,GOACARBON,Smallcap,Energy,23446.6,23477.8,0.13,484.0,503.36,522.72,542.08,471.9,471.9,484.0,0.0,471.9,1,🛑 Stop Loss Hit (Day 1),-2.5,Completed
2026-09-09,2026-09-10,WELSPUNLIV,Largecap,Textiles,23446.6,23477.8,0.13,210.28,218.69,227.1,235.51,205.02,205.02,213.2,1.39,205.02,2,🛑 Stop Loss Hit (Day 2),-2.5,Completed
2026-09-09,2026-09-10,VINDHYATEL,Smallcap,Realty,23446.6,23477.8,0.13,2930.0,3047.2,3164.4,3281.6,2856.75,2856.75,2948.6,0.63,2856.75,1,🛑 Stop Loss Hit (Day 1),-2.5,Completed
2026-09-09,2026-09-10,RACLGEAR,Smallcap,Auto,23446.6,23477.8,0.13,1643.9,1709.66,1775.41,1841.17,1602.8,1602.8,1669.9,1.58,1602.8,1,🛑 Stop Loss Hit (Day 1),-2.5,Completed
2026-09-09,2026-09-10,SHANTIGEAR,Midcap,Industrials,23446.6,23477.8,0.13,696.05,723.89,751.73,779.58,678.65,678.65,743.0,6.75,678.65,5,🛑 SL Hit on Remainder (T1 Booked) (Day 5),0.75,Completed
2026-09-09,2026-09-10,YUKEN,Smallcap,Industrials,23446.6,23477.8,0.13,1079.7,1122.89,1166.08,1209.26,1052.71,1052.71,1134.7,5.09,1052.71,3,🛑 SL Hit on Remainder (T1 Booked) (Day 3),0.75,Completed
2026-09-09,2026-09-10,MENONBE,Smallcap,Auto,23446.6,23477.8,0.13,305.5,317.72,329.94,342.16,297.86,297.86,313.0,2.45,297.86,1,🛑 Stop Loss Hit (Day 1),-2.5,Completed
2026-09-09,2026-09-10,JAYAGROGN,Smallcap,Chemicals,23446.6,23477.8,0.13,259.0,269.36,279.72,290.08,252.53,252.53,265.0,2.32,252.53,2,🛑 Stop Loss Hit (Day 2),-2.5,Completed
2026-09-09,2026-09-10,AAREYDRUGS,Smallcap,Healthcare,23446.6,23477.8,0.13,101.29,105.34,109.39,113.44,98.76,98.76,101.29,0.0,98.76,1,🛑 Stop Loss Hit (Day 1),-2.5,Completed
2026-09-09,2026-09-10,BALPHARMA,Smallcap,Healthcare,23446.6,23477.8,0.13,118.58,123.32,128.07,132.81,115.61,115.61,123.12,3.83,115.61,1,🛑 Stop Loss Hit (Day 1),-2.5,Completed
2026-09-09,2026-09-10,BIL,Smallcap,Consumer Discretionary,23446.6,23477.8,0.13,1122.6,1167.5,1212.41,1257.31,1094.53,1094.53,1150.0,2.44,1094.53,1,🛑 Stop Loss Hit (Day 1),-2.5,Completed
2026-09-09,2026-09-10,CONFIPET,Smallcap,Miscellaneous,23446.6,23477.8,0.13,90.95,94.59,98.23,101.86,88.68,88.68,90.95,0.0,88.68,1,🛑 Stop Loss Hit (Day 1),-2.5,Completed
2026-09-09,2026-09-10,ANTELOPUS,Smallcap,Energy,23446.6,23477.8,0.13,1160.3,1206.71,1253.12,1299.54,1131.29,1131.29,1169.9,0.83,1131.29,1,🛑 Stop Loss Hit (Day 1),-2.5,Completed
2026-09-09,2026-09-10,CHEMBOND,Smallcap,Chemicals,23446.6,23477.8,0.13,220.86,229.69,238.53,247.36,215.34,215.34,232.8,5.41,215.34,2,🛑 SL Hit on Remainder (T1 Booked) (Day 2),0.75,Completed
2026-09-09,2026-09-10,MEDICAMEQ,Smallcap,Healthcare,23446.6,23477.8,0.13,317.35,330.04,342.74,355.43,309.42,309.42,326.85,2.99,309.42,1,🛑 Stop Loss Hit (Day 1),-2.5,Completed
2026-09-09,2026-09-10,INDNIPPON,Smallcap,Auto,23446.6,23477.8,0.13,1347.9,1401.82,1455.73,1509.65,1314.2,1314.2,1564.0,16.03,1509.65,1,🚀 Target 3 Hit (Day 1),6.8,Completed
2026-09-09,2026-09-10,STLTECH,Largecap,Industrials,23446.6,23477.8,0.13,865.0,899.6,934.2,968.8,843.38,843.38,897.3,3.73,843.38,1,🛑 Stop Loss Hit (Day 1),-2.5,Completed
2026-09-09,2026-09-10,TEXMOPIPES,Smallcap,Plastic products,23446.6,23477.8,0.13,58.3,60.63,62.96,65.3,56.84,56.84,61.9,6.17,56.84,1,🛑 SL Hit on Remainder (T1 Booked) (Day 1),0.75,Completed
2026-09-09,2026-09-10,SREEL,Smallcap,Consumer Discretionary,23446.6,23477.8,0.13,350.5,364.52,378.54,392.56,341.74,341.74,400.0,14.12,392.56,1,🚀 Target 3 Hit (Day 1),6.8,Completed
2026-09-09,2026-09-10,SHIVALIK,Smallcap,Chemicals,23446.6,23477.8,0.13,398.0,413.92,429.84,445.76,388.05,388.05,411.8,3.47,388.05,1,🛑 Stop Loss Hit (Day 1),-2.5,Completed
2026-09-09,2026-09-10,VALIANTORG,Smallcap,Chemicals,23446.6,23477.8,0.13,376.0,391.04,406.08,421.12,366.6,366.6,377.45,0.39,366.6,1,🛑 Stop Loss Hit (Day 1),-2.5,Completed
2026-09-09,2026-09-10,WHEELS,Midcap,Auto,23446.6,23477.8,0.13,2470.0,2568.8,2667.6,2766.4,2408.25,2408.25,2498.0,1.13,2408.25,1,🛑 Stop Loss Hit (Day 1),-2.5,Completed
2026-09-09,2026-09-10,GFSTEELS,Smallcap,Metals & Mining,23446.6,23477.8,0.13,19.96,20.76,21.56,22.36,19.46,19.46,23.08,15.63,22.36,4,🚀 Target 3 Hit (Day 4),6.8,Completed
2026-09-09,2026-09-10,PKTEA,Smallcap,FMCG,23446.6,23477.8,0.13,1169.0,1215.76,1262.52,1309.28,1139.77,1139.77,1169.0,0.0,1139.77,1,🛑 Stop Loss Hit (Day 1),-2.5,Completed
2026-09-09,2026-09-10,ARVEE,Smallcap,Chemicals,23446.6,23477.8,0.13,210.29,218.7,227.11,235.52,205.03,205.03,210.29,0.0,205.03,1,🛑 Stop Loss Hit (Day 1),-2.5,Completed
2026-09-09,2026-09-10,SPECTRUM,Midcap,Industrials,23446.6,23477.8,0.13,2878.6,2993.74,3108.89,3224.03,2806.64,2806.64,3022.5,5.0,2806.64,2,🛑 SL Hit on Remainder (T1 Booked) (Day 2),0.75,Completed
2026-09-09,2026-09-10,ANMOL,Smallcap,Services,23446.6,23477.8,0.13,13.7,14.25,14.8,15.34,13.36,13.36,15.55,13.5,15.34,1,🚀 Target 3 Hit (Day 1),6.8,Completed
2026-09-09,2026-09-10,SBC,Smallcap,Textiles,23446.6,23477.8,0.13,48.92,50.88,52.83,54.79,47.7,47.7,49.38,0.94,47.7,4,🛑 Stop Loss Hit (Day 4),-2.5,Completed
2026-09-09,2026-09-10,ARTEMISMED,Midcap,Healthcare,23446.6,23477.8,0.13,356.0,370.24,384.48,398.72,347.1,347.1,362.0,1.69,347.1,1,🛑 Stop Loss Hit (Day 1),-2.5,Completed
2026-09-09,2026-09-10,UNIVPHOTO,Smallcap,Consumer Discretionary,23446.6,23477.8,0.13,580.0,603.2,626.4,649.6,565.5,565.5,580.0,0.0,565.5,1,🛑 Stop Loss Hit (Day 1),-2.5,Completed
2026-09-09,2026-09-10,CHEMCON,Smallcap,Chemicals,23446.6,23477.8,0.13,228.2,237.33,246.46,255.58,222.49,222.49,228.2,0.0,222.49,1,🛑 Stop Loss Hit (Day 1),-2.5,Completed
2026-09-09,2026-09-10,MASPTOP50,Smallcap,Indices,23446.6,23477.8,0.13,104.4,108.58,112.75,116.93,101.79,101.79,104.4,0.0,101.79,1,🛑 Stop Loss Hit (Day 1),-2.5,Completed
2026-09-09,2026-09-10,MONQ50,Smallcap,Indices,23446.6,23477.8,0.13,218.33,227.06,235.8,244.53,212.87,212.87,225.0,3.06,212.87,1,🛑 Stop Loss Hit (Day 1),-2.5,Completed
2026-09-09,2026-09-10,RISHABH,Smallcap,Industrials,23446.6,23477.8,0.13,816.85,849.52,882.2,914.87,796.43,796.43,824.75,0.97,796.43,1,🛑 Stop Loss Hit (Day 1),-2.5,Completed
2026-09-09,2026-09-10,SAILIFE,Largecap,Healthcare,23446.6,23477.8,0.13,1675.4,1742.42,1809.43,1876.45,1633.52,1633.52,1675.4,0.0,1633.52,1,🛑 Stop Loss Hit (Day 1),-2.5,Completed
2026-09-09,2026-09-10,SETL,Midcap,Industrials,23446.6,23477.8,0.13,445.2,463.01,480.82,498.62,434.07,434.07,468.15,5.15,434.07,5,🛑 SL Hit on Remainder (T1 Booked) (Day 5),0.75,Completed
2026-09-09,2026-09-10,ELLEN,Smallcap,None,23446.6,23477.8,0.13,359.0,373.36,387.72,402.08,350.02,350.02,378.6,5.46,350.02,1,🛑 SL Hit on Remainder (T1 Booked) (Day 1),0.75,Completed
2026-09-09,2026-09-10,GKSL,Smallcap,Healthcare,23446.6,23477.8,0.13,175.0,182.0,189.0,196.0,170.62,170.62,177.01,1.15,170.62,2,🛑 Stop Loss Hit (Day 2),-2.5,Completed
2026-09-10,2026-09-11,BIRLACABLE,Smallcap,Industrials,23270.3,23398.1,0.55,367.0,381.68,396.36,411.04,357.82,357.82,411.95,12.25,411.04,2,🚀 Target 3 Hit (Day 2),6.8,Completed
2026-09-10,2026-09-11,CHENNPETRO,Largecap,Energy,23270.3,23398.1,0.55,1660.0,1726.4,1792.8,1859.2,1618.5,1618.5,1677.5,1.05,1618.5,1,🛑 Stop Loss Hit (Day 1),-2.5,Completed
2026-09-10,2026-09-11,FINCABLES,Largecap,Industrials,23270.3,23398.1,0.55,1406.4,1462.66,1518.91,1575.17,1371.24,1371.24,1498.0,6.51,1371.24,1,🛑 SL Hit on Remainder (T1 Booked) (Day 1),0.75,Completed
2026-09-10,2026-09-11,INDIAGLYCO,Smallcap,FMCG,23270.3,23398.1,0.55,310.0,322.4,334.8,347.2,302.25,302.25,310.0,0.0,302.25,1,🛑 Stop Loss Hit (Day 1),-2.5,Completed
2026-09-10,2026-09-11,LYKALABS,Smallcap,Healthcare,23270.3,23398.1,0.55,82.9,86.22,89.53,92.85,80.83,80.83,84.0,1.33,80.83,3,🛑 Stop Loss Hit (Day 3),-2.5,Completed
2026-09-10,2026-09-11,MAHSEAMLES,Midcap,Metals & Mining,23270.3,23398.1,0.55,720.95,749.79,778.63,807.46,702.93,702.93,738.6,2.45,702.93,3,🛑 Stop Loss Hit (Day 3),-2.5,Completed
2026-09-10,2026-09-11,WSTCSTPAPR,Midcap,Building Materials,23270.3,23398.1,0.55,703.0,731.12,759.24,787.36,685.42,685.42,734.0,4.41,685.42,4,🛑 SL Hit on Remainder (T1 Booked) (Day 4),0.75,Completed
2026-09-10,2026-09-11,NOVARTIND,Midcap,Healthcare,23270.3,23398.1,0.55,2380.0,2475.2,2570.4,2665.6,2320.5,2320.5,2550.0,7.14,2320.5,1,🛑 SL Hit on Remainder (T1 Booked) (Day 1),0.75,Completed
2026-09-10,2026-09-11,KENNAMET,Midcap,Industrials,23270.3,23398.1,0.55,5000.0,5200.0,5400.0,5600.0,4875.0,4875.0,5000.0,0.0,4875.0,1,🛑 Stop Loss Hit (Day 1),-2.5,Completed
2026-09-10,2026-09-11,GENESYS,Smallcap,I.T,23270.3,23398.1,0.55,291.81,303.48,315.15,326.83,284.51,284.51,316.94,8.61,284.51,3,🎯 T1 & T2 Booked + Trailing SL Hit (Day 3),3.9,Completed
2026-09-10,2026-09-11,KANORICHEM,Smallcap,Chemicals,23270.3,23398.1,0.55,180.99,188.23,195.47,202.71,176.47,176.47,180.99,0.0,176.47,1,🛑 Stop Loss Hit (Day 1),-2.5,Completed
2026-09-10,2026-09-11,MANINDS,Midcap,Metals & Mining,23270.3,23398.1,0.55,873.0,907.92,942.84,977.76,851.17,851.17,904.0,3.55,851.17,1,🛑 Stop Loss Hit (Day 1),-2.5,Completed
2026-09-10,2026-09-11,STARPAPER,Smallcap,Building Materials,23270.3,23398.1,0.55,167.37,174.06,180.76,187.45,163.18,163.18,169.34,1.18,163.18,2,🛑 Stop Loss Hit (Day 2),-2.5,Completed
2026-09-10,2026-09-11,YUKEN,Smallcap,Industrials,23270.3,23398.1,0.55,1085.7,1129.13,1172.56,1215.98,1058.56,1058.56,1124.85,3.61,1058.56,2,🛑 Stop Loss Hit (Day 2),-2.5,Completed
2026-09-10,2026-09-11,KABRAEXTRU,Smallcap,Industrials,23270.3,23398.1,0.55,710.0,738.4,766.8,795.2,692.25,692.25,733.0,3.24,692.25,1,🛑 Stop Loss Hit (Day 1),-2.5,Completed
2026-09-10,2026-09-11,PODDARMENT,Smallcap,Chemicals,23270.3,23398.1,0.55,295.1,306.9,318.71,330.51,287.72,287.72,298.95,1.3,287.72,1,🛑 Stop Loss Hit (Day 1),-2.5,Completed
2026-09-10,2026-09-11,NRBBEARING,Midcap,Industrials,23270.3,23398.1,0.55,518.3,539.03,559.76,580.5,505.34,505.34,519.0,0.14,505.34,1,🛑 Stop Loss Hit (Day 1),-2.5,Completed
2026-09-10,2026-09-11,WELCORP,Largecap,Industrials,23270.3,23398.1,0.55,2745.0,2854.8,2964.6,3074.4,2676.38,2676.38,2761.8,0.61,2676.38,1,🛑 Stop Loss Hit (Day 1),-2.5,Completed
2026-09-10,2026-09-11,INDNIPPON,Smallcap,Auto,23270.3,23398.1,0.55,1338.6,1392.14,1445.69,1499.23,1305.13,1305.13,1404.0,4.89,1305.13,1,🛑 SL Hit on Remainder (T1 Booked) (Day 1),0.75,Completed
2026-09-10,2026-09-11,SUBEXLTD,Smallcap,I.T,23270.3,23398.1,0.55,19.91,20.71,21.5,22.3,19.41,19.41,21.0,5.47,19.41,1,🛑 SL Hit on Remainder (T1 Booked) (Day 1),0.75,Completed
2026-09-10,2026-09-11,AKSHOPTFBR,Smallcap,Industrials,23270.3,23398.1,0.55,8.55,8.89,9.23,9.58,8.34,8.34,8.89,3.98,8.34,3,🛑 Stop Loss Hit (Day 3),-2.5,Completed
2026-09-10,2026-09-11,IMPEXFERRO,Smallcap,Metals & Mining,23270.3,23398.1,0.55,5.18,5.39,5.59,5.8,5.05,5.05,5.58,7.72,5.58,4,🎯 Target 1 Booked (50%) + Exited Day 4 Close,5.86,Completed
2026-09-10,2026-09-11,MBECL,Smallcap,Realty,23270.3,23398.1,0.55,330.4,343.62,356.83,370.05,322.14,322.14,401.59,21.55,370.05,4,🚀 Target 3 Hit (Day 4),6.8,Completed
2026-09-10,2026-09-11,MANGALAM,Smallcap,Healthcare,23270.3,23398.1,0.55,35.0,36.4,37.8,39.2,34.12,34.12,38.25,9.29,34.12,1,🎯 T1 & T2 Booked + Trailing SL Hit (Day 1),3.9,Completed
2026-09-10,2026-09-11,REDINGTON,Largecap,Services,23270.3,23398.1,0.55,395.85,411.68,427.52,443.35,385.95,385.95,396.85,0.25,385.95,1,🛑 Stop Loss Hit (Day 1),-2.5,Completed
2026-09-10,2026-09-11,EDELWEISS,Midcap,Financials,23270.3,23398.1,0.55,134.0,139.36,144.72,150.08,130.65,130.65,134.98,0.73,130.65,1,🛑 Stop Loss Hit (Day 1),-2.5,Completed
2026-09-10,2026-09-11,MANAKSIA,Smallcap,Services,23270.3,23398.1,0.55,69.45,72.23,75.01,77.78,67.71,67.71,73.4,5.69,67.71,2,🛑 SL Hit on Remainder (T1 Booked) (Day 2),0.75,Completed
2026-09-10,2026-09-11,VSSL,Smallcap,Metals & Mining,23270.3,23398.1,0.55,389.1,404.66,420.23,435.79,379.37,379.37,410.5,5.5,379.37,4,🛑 SL Hit on Remainder (T1 Booked) (Day 4),0.75,Completed
2026-09-10,2026-09-11,SREEL,Smallcap,Consumer Discretionary,23270.3,23398.1,0.55,365.0,379.6,394.2,408.8,355.88,355.88,365.8,0.22,355.88,1,🛑 Stop Loss Hit (Day 1),-2.5,Completed
2026-09-10,2026-09-11,DIGJAMLMTD,Smallcap,Textiles,23270.3,23398.1,0.55,64.5,67.08,69.66,72.24,62.89,62.89,73.19,13.47,72.24,1,🚀 Target 3 Hit (Day 1),6.8,Completed
2026-09-10,2026-09-11,VALIANTORG,Smallcap,Chemicals,23270.3,23398.1,0.55,364.0,378.56,393.12,407.68,354.9,354.9,414.0,13.74,407.68,2,🚀 Target 3 Hit (Day 2),6.8,Completed
2026-09-10,2026-09-11,OSWALSEEDS,Smallcap,FMCG,23270.3,23398.1,0.55,15.0,15.6,16.2,16.8,14.62,14.62,17.0,13.33,16.8,1,🚀 Target 3 Hit (Day 1),6.8,Completed
2026-09-10,2026-09-11,SOLARA,Smallcap,Healthcare,23270.3,23398.1,0.55,707.2,735.49,763.78,792.06,689.52,689.52,774.0,9.45,689.52,4,🎯 T1 & T2 Booked + Trailing SL Hit (Day 4),3.9,Completed
2026-09-10,2026-09-11,IRISDOREME,Smallcap,Consumer Discretionary,23270.3,23398.1,0.55,62.6,65.1,67.61,70.11,61.03,61.03,62.84,0.38,61.03,1,🛑 Stop Loss Hit (Day 1),-2.5,Completed
2026-09-10,2026-09-11,ANMOL,Smallcap,Services,23270.3,23398.1,0.55,15.0,15.6,16.2,16.8,14.62,14.62,16.87,12.47,16.8,1,🚀 Target 3 Hit (Day 1),6.8,Completed
2026-09-10,2026-09-11,CRAFTSMAN,Largecap,Auto,23270.3,23398.1,0.55,11711.0,12179.44,12647.88,13116.32,11418.23,11418.23,11831.0,1.02,11418.23,3,🛑 Stop Loss Hit (Day 3),-2.5,Completed
2026-09-10,2026-09-11,SIGACHI,Smallcap,Healthcare,23270.3,23398.1,0.55,38.0,39.52,41.04,42.56,37.05,37.05,38.5,1.32,37.05,1,🛑 Stop Loss Hit (Day 1),-2.5,Completed
2026-09-10,2026-09-11,IKIO,Smallcap,Consumer Discretionary,23270.3,23398.1,0.55,234.0,243.36,252.72,262.08,228.15,228.15,238.8,2.05,228.15,1,🛑 Stop Loss Hit (Day 1),-2.5,Completed
2026-09-10,2026-09-11,VALIANTLAB,Smallcap,Healthcare,23270.3,23398.1,0.55,118.56,123.3,128.04,132.79,115.6,115.6,129.9,9.56,123.26,5,🚀 T1 & T2 Booked + Exited Day 5 Close,5.19,Completed
2026-09-10,2026-09-11,INOXINDIA,Midcap,Industrials,23270.3,23398.1,0.55,2272.0,2362.88,2453.76,2544.64,2215.2,2215.2,2313.4,1.82,2215.2,3,🛑 Stop Loss Hit (Day 3),-2.5,Completed
2026-09-10,2026-09-11,ELLEN,Smallcap,None,23270.3,23398.1,0.55,373.0,387.92,402.84,417.76,363.68,363.68,384.0,2.95,363.68,3,🛑 Stop Loss Hit (Day 3),-2.5,Completed
2026-09-10,2026-09-11,STLNETWORK,Smallcap,Telecom-Service,23270.3,23398.1,0.55,36.0,37.44,38.88,40.32,35.1,35.1,40.91,13.64,40.32,5,🚀 Target 3 Hit (Day 5),6.8,Completed
2026-09-10,2026-09-11,AHCL,Smallcap,Healthcare,23270.3,23398.1,0.55,17.73,18.44,19.15,19.86,17.29,17.29,20.0,12.8,19.86,1,🚀 Target 3 Hit (Day 1),6.8,Completed
2026-09-11,2026-09-15,BIRLACABLE,Smallcap,Industrials,23576.15,23118.6,-1.94,384.95,400.35,415.75,431.14,375.33,375.33,411.95,7.01,375.33,1,🛑 SL Hit on Remainder (T1 Booked) (Day 1),0.75,Completed
2026-09-11,2026-09-14,FINCABLES,Largecap,Industrials,0.0,0.0,0.0,1424.0,1480.96,1537.92,1594.88,1388.4,1388.4,1424.0,0.0,1388.4,2,🛑 Stop Loss Hit (Day 2),-2.5,Completed
2026-09-11,2026-09-14,MAHSEAMLES,Midcap,Metals & Mining,0.0,0.0,0.0,728.9,758.06,787.21,816.37,710.68,710.68,738.6,1.33,710.68,2,🛑 Stop Loss Hit (Day 2),-2.5,Completed
2026-09-11,2026-09-14,RAYMOND,Midcap,Transportation,0.0,0.0,0.0,1002.8,1042.91,1083.02,1123.14,977.73,977.73,1122.0,11.89,977.73,2,🎯 T1 & T2 Booked + Trailing SL Hit (Day 2),3.9,Completed
2026-09-11,2026-09-14,HERITGFOOD,Smallcap,FMCG,0.0,0.0,0.0,417.4,434.1,450.79,467.49,406.96,406.96,419.95,0.61,406.96,2,🛑 Stop Loss Hit (Day 2),-2.5,Completed
2026-09-11,2026-09-14,RACLGEAR,Smallcap,Auto,0.0,0.0,0.0,1756.7,1826.97,1897.24,1967.5,1712.78,1712.78,1850.0,5.31,1712.78,2,🛑 SL Hit on Remainder (T1 Booked) (Day 2),0.75,Completed
2026-09-11,2026-09-14,BODALCHEM,Smallcap,Chemicals,0.0,0.0,0.0,172.4,179.3,186.19,193.09,168.09,168.09,181.02,5.0,168.09,3,🛑 SL Hit on Remainder (T1 Booked) (Day 3),0.75,Completed
2026-09-11,2026-09-15,AAREYDRUGS,Smallcap,Healthcare,23576.15,23118.6,-1.94,98.71,102.66,106.61,110.56,96.24,96.24,100.45,1.76,96.24,1,🛑 Stop Loss Hit (Day 1),-2.5,Completed
2026-09-11,2026-09-15,BHAGERIA,Smallcap,Chemicals,23576.15,23118.6,-1.94,317.05,329.73,342.41,355.1,309.12,309.12,329.0,3.77,309.12,1,🛑 Stop Loss Hit (Day 1),-2.5,Completed
2026-09-11,2026-09-14,SUBEXLTD,Smallcap,I.T,0.0,0.0,0.0,20.8,21.63,22.46,23.3,20.28,20.28,21.85,5.05,20.28,2,🛑 SL Hit on Remainder (T1 Booked) (Day 2),0.75,Completed
2026-09-11,2026-09-14,STLTECH,Largecap,Industrials,0.0,0.0,0.0,897.4,933.3,969.19,1005.09,874.97,874.97,912.0,1.63,874.97,2,🛑 Stop Loss Hit (Day 2),-2.5,Completed
2026-09-11,2026-09-14,SIGMAADV,Midcap,Aerospace & Defence,0.0,0.0,0.0,832.45,865.75,899.05,932.34,811.64,811.64,867.0,4.15,811.64,2,🛑 SL Hit on Remainder (T1 Booked) (Day 2),0.75,Completed
2026-09-11,2026-09-14,MANGALAM,Smallcap,Healthcare,0.0,0.0,0.0,36.46,37.92,39.38,40.84,35.55,35.55,36.46,0.0,35.55,2,🛑 Stop Loss Hit (Day 2),-2.5,Completed
2026-09-11,2026-09-14,SMSPHARMA,Smallcap,Healthcare,0.0,0.0,0.0,463.45,481.99,500.53,519.06,451.86,451.86,482.0,4.0,451.86,2,🛑 SL Hit on Remainder (T1 Booked) (Day 2),0.75,Completed
2026-09-11,2026-09-14,AMDIND,Smallcap,Industrials,0.0,0.0,0.0,64.03,66.59,69.15,71.71,62.43,62.43,74.39,16.18,71.71,2,🚀 Target 3 Hit (Day 2),6.8,Completed
2026-09-11,2026-09-14,TEXMOPIPES,Smallcap,Plastic products,0.0,0.0,0.0,60.08,62.48,64.89,67.29,58.58,58.58,64.5,7.36,58.58,3,🛑 SL Hit on Remainder (T1 Booked) (Day 3),0.75,Completed
2026-09-11,2026-09-14,TBZ,Smallcap,Consumer Discretionary,0.0,0.0,0.0,526.3,547.35,568.4,589.46,513.14,513.14,552.6,5.0,513.14,2,🛑 SL Hit on Remainder (T1 Booked) (Day 2),0.75,Completed
2026-09-11,2026-09-15,MANAKSTEEL,Smallcap,Metals & Mining,23576.15,23118.6,-1.94,119.9,124.7,129.49,134.29,116.9,116.9,119.9,0.0,116.9,1,🛑 Stop Loss Hit (Day 1),-2.5,Completed
2026-09-11,2026-09-14,DIGJAMLMTD,Smallcap,Textiles,0.0,0.0,0.0,68.42,71.16,73.89,76.63,66.71,66.71,70.93,3.67,66.71,2,🛑 Stop Loss Hit (Day 2),-2.5,Completed
2026-09-11,2026-09-15,VALIANTORG,Smallcap,Chemicals,23576.15,23118.6,-1.94,408.0,424.32,440.64,456.96,397.8,397.8,414.0,1.47,397.8,1,🛑 Stop Loss Hit (Day 1),-2.5,Completed
2026-09-11,2026-09-15,UNITEDPOLY,Smallcap,Textiles,23576.15,23118.6,-1.94,44.89,46.69,48.48,50.28,43.77,43.77,45.05,0.36,43.77,1,🛑 Stop Loss Hit (Day 1),-2.5,Completed
2026-09-11,2026-09-14,GLOBAL,Smallcap,Services,0.0,0.0,0.0,126.91,131.99,137.06,142.14,123.74,123.74,128.09,0.93,123.74,2,🛑 Stop Loss Hit (Day 2),-2.5,Completed
2026-09-11,2026-09-14,OSWALSEEDS,Smallcap,FMCG,0.0,0.0,0.0,15.54,16.16,16.78,17.4,15.15,15.15,16.49,6.11,15.15,2,🛑 SL Hit on Remainder (T1 Booked) (Day 2),0.75,Completed
2026-09-11,2026-09-15,SUPREMEENG,Smallcap,Metals & Mining,23576.15,23118.6,-1.94,3.39,3.53,3.66,3.8,3.31,3.31,3.58,5.6,3.58,3,🎯 Target 1 Booked (50%) + Exited Day 3 Close,4.8,Completed
2026-09-11,2026-09-15,SPECTRUM,Midcap,Industrials,23576.15,23118.6,-1.94,3058.0,3180.32,3302.64,3424.96,2981.55,2981.55,3173.6,3.78,2981.55,1,🛑 Stop Loss Hit (Day 1),-2.5,Completed
2026-09-11,2026-09-14,ANMOL,Smallcap,Services,0.0,0.0,0.0,16.87,17.54,18.22,18.89,16.45,16.45,18.55,9.96,16.45,2,🎯 T1 & T2 Booked + Trailing SL Hit (Day 2),3.9,Completed
2026-09-11,2026-09-14,PAYTM,Largecap,I.T,0.0,0.0,0.0,1807.5,1879.8,1952.1,2024.4,1762.31,1762.31,1811.0,0.19,1762.31,2,🛑 Stop Loss Hit (Day 2),-2.5,Completed
2026-09-11,2026-09-14,VALIANTLAB,Smallcap,Healthcare,0.0,0.0,0.0,127.91,133.03,138.14,143.26,124.71,124.71,129.5,1.24,124.71,2,🛑 Stop Loss Hit (Day 2),-2.5,Completed
2026-09-11,2026-09-14,SETL,Midcap,Industrials,0.0,0.0,0.0,468.15,486.88,505.6,524.33,456.45,456.45,468.15,0.0,456.45,2,🛑 Stop Loss Hit (Day 2),-2.5,Completed
2026-09-11,2026-09-14,AHCL,Smallcap,Healthcare,0.0,0.0,0.0,19.57,20.35,21.14,21.92,19.08,19.08,22.94,17.22,21.92,2,🚀 Target 3 Hit (Day 2),6.8,Completed
2026-09-15,2026-09-16,ASIANHOTNR,Smallcap,Services,23201.6,23217.6,0.07,385.0,400.4,415.8,431.2,375.38,375.38,399.0,3.64,375.38,1,🛑 Stop Loss Hit (Day 1),-2.5,Completed
2026-09-15,2026-09-16,ROLLT,Smallcap,Industrials,23201.6,23217.6,0.07,4.98,5.18,5.38,5.58,4.86,4.86,5.71,14.66,5.58,2,🚀 Target 3 Hit (Day 2),6.8,Completed
2026-09-15,2026-09-16,GMMPFAUDLR,Midcap,Industrials,23201.6,23217.6,0.07,1348.0,1401.92,1455.84,1509.76,1314.3,1314.3,1355.0,0.52,1314.3,1,🛑 Stop Loss Hit (Day 1),-2.5,Completed
2026-09-15,2026-09-16,NRAIL,Smallcap,Building Materials,23201.6,23217.6,0.07,642.0,667.68,693.36,719.04,625.95,625.95,659.95,2.8,625.95,1,🛑 Stop Loss Hit (Day 1),-2.5,Completed
2026-09-15,2026-09-16,DIACABS,Largecap,Industrials,23201.6,23217.6,0.07,383.8,399.15,414.5,429.86,374.2,374.2,404.0,5.26,374.2,1,🛑 SL Hit on Remainder (T1 Booked) (Day 1),0.75,Completed
2026-09-15,2026-09-16,KOPRAN,Smallcap,Healthcare,23201.6,23217.6,0.07,251.5,261.56,271.62,281.68,245.21,245.21,274.78,9.26,245.21,1,🎯 T1 & T2 Booked + Trailing SL Hit (Day 1),3.9,Completed
2026-09-15,2026-09-16,HATSUN,Largecap,FMCG,23201.6,23217.6,0.07,1273.1,1324.02,1374.95,1425.87,1241.27,1241.27,1275.0,0.15,1241.27,1,🛑 Stop Loss Hit (Day 1),-2.5,Completed
2026-09-15,2026-09-16,AMDIND,Smallcap,Industrials,23201.6,23217.6,0.07,68.5,71.24,73.98,76.72,66.79,66.79,72.37,5.65,66.79,1,🛑 SL Hit on Remainder (T1 Booked) (Day 1),0.75,Completed
2026-09-15,2026-09-16,SHREEPUSHK,Smallcap,Chemicals,23201.6,23217.6,0.07,499.4,519.37,539.35,559.32,486.91,486.91,512.74,2.67,486.91,1,🛑 Stop Loss Hit (Day 1),-2.5,Completed
2026-09-15,2026-09-16,GFSTEELS,Smallcap,Metals & Mining,23201.6,23217.6,0.07,23.08,24.0,24.93,25.85,22.5,22.5,25.44,10.23,25.44,2,🚀 T1 & T2 Booked + Exited Day 2 Close,6.45,Completed
2026-09-15,2026-09-16,OSWALSEEDS,Smallcap,FMCG,23201.6,23217.6,0.07,16.48,17.14,17.8,18.46,16.07,16.07,16.5,0.12,16.07,1,🛑 Stop Loss Hit (Day 1),-2.5,Completed
2026-09-15,2026-09-16,SUPREMEENG,Smallcap,Metals & Mining,23201.6,23217.6,0.07,3.45,3.59,3.73,3.86,3.36,3.36,3.58,3.77,3.58,2,⏱️ Exited at Day 2 Close,3.77,Completed
2026-09-15,2026-09-16,SPECTRUM,Midcap,Industrials,23201.6,23217.6,0.07,3132.2,3257.49,3382.78,3508.06,3053.89,3053.89,3132.5,0.01,3053.89,1,🛑 Stop Loss Hit (Day 1),-2.5,Completed
2026-09-15,2026-09-16,UNIVPHOTO,Smallcap,Consumer Discretionary,23201.6,23217.6,0.07,567.0,589.68,612.36,635.04,552.82,552.82,624.75,10.19,584.0,2,🚀 T1 & T2 Booked + Exited Day 2 Close,5.0,Completed
2026-09-15,2026-09-16,NRL,Smallcap,Services,23201.6,23217.6,0.07,136.0,141.44,146.88,152.32,132.6,132.6,139.0,2.21,132.6,1,🛑 Stop Loss Hit (Day 1),-2.5,Completed
2026-09-15,2026-09-16,EMUDHRA,Midcap,I.T,23201.6,23217.6,0.07,625.0,650.0,675.0,700.0,609.38,609.38,677.0,8.32,609.38,1,🎯 T1 & T2 Booked + Trailing SL Hit (Day 1),3.9,Completed
2026-09-15,2026-09-16,ROSSTECH,Midcap,Aerospace & Defence,23201.6,23217.6,0.07,1269.72,1320.51,1371.3,1422.08,1237.97,1237.97,1419.68,11.81,1237.97,1,🎯 T1 & T2 Booked + Trailing SL Hit (Day 1),3.9,Completed
2026-09-15,2026-09-16,STLNETWORK,Smallcap,Telecom-Service,23201.6,23217.6,0.07,38.45,39.99,41.53,43.06,37.49,37.49,39.06,1.59,37.49,1,🛑 Stop Loss Hit (Day 1),-2.5,Completed
2026-09-15,2026-09-16,AHCL,Smallcap,Healthcare,23201.6,23217.6,0.07,20.2,21.01,21.82,22.62,19.7,19.7,20.5,1.49,19.7,1,🛑 Stop Loss Hit (Day 1),-2.5,Completed
2026-09-16,2026-09-18,FOSECOIND,Midcap,Chemicals,23334.7,23346.4,0.05,6787.5,7059.0,7330.5,7602.0,6617.81,6617.81,6974.5,2.76,6677.5,1,⏱️ Exited at Day 1 Close,-1.62,Completed
2026-09-16,2026-09-18,ROLLT,Smallcap,Industrials,23334.7,23346.4,0.05,5.55,5.77,5.99,6.22,5.41,5.41,5.71,2.88,5.41,1,🛑 Stop Loss Hit (Day 1),-2.5,Completed
2026-09-16,2026-09-18,KANORICHEM,Smallcap,Chemicals,23334.7,23346.4,0.05,180.25,187.46,194.67,201.88,175.74,175.74,188.0,4.3,184.11,1,🎯 Target 1 Booked (50%) + Exited Day 1 Close,3.07,Completed
2026-09-16,2026-09-18,ARROWGREEN,Smallcap,Plastic products,23334.7,23346.4,0.05,899.0,934.96,970.92,1006.88,876.52,876.52,924.0,2.78,889.25,1,⏱️ Exited at Day 1 Close,-1.08,Completed
2026-09-16,2026-09-18,YUKEN,Smallcap,Industrials,23334.7,23346.4,0.05,1123.1,1168.02,1212.95,1257.87,1095.02,1095.02,1149.0,2.31,1095.02,1,🛑 Stop Loss Hit (Day 1),-2.5,Completed
2026-09-16,2026-09-18,DIACABS,Largecap,Industrials,23334.7,23346.4,0.05,375.0,390.0,405.0,420.0,365.62,365.62,375.0,0.0,365.62,1,🛑 Stop Loss Hit (Day 1),-2.5,Completed
2026-09-16,2026-09-17,KOPRAN,Smallcap,Healthcare,23195.25,23270.6,0.32,261.4,271.86,282.31,292.77,254.86,254.86,282.1,7.92,277.6,2,🎯 Target 1 Booked (50%) + Exited Day 2 Close,5.1,Completed
2026-09-16,2026-09-18,MEDICAMEQ,Smallcap,Healthcare,23334.7,23346.4,0.05,344.7,358.49,372.28,386.06,336.08,336.08,344.7,0.0,336.08,1,🛑 Stop Loss Hit (Day 1),-2.5,Completed
2026-09-16,2026-09-17,WELCORP,Largecap,Industrials,23195.25,23270.6,0.32,2420.0,2516.8,2613.6,2710.4,2359.5,2359.5,2678.7,10.69,2660.1,2,🚀 T1 & T2 Booked + Exited Day 2 Close,6.38,Completed
2026-09-16,2026-09-18,ADROITINFO,Smallcap,I.T,23334.7,23346.4,0.05,10.82,11.25,11.69,12.12,10.55,10.55,11.7,8.13,11.14,1,🚀 T1 & T2 Booked + Exited Day 1 Close,4.99,Completed
2026-09-16,2026-09-18,MBECL,Smallcap,Realty,23334.7,23346.4,0.05,401.59,417.65,433.72,449.78,391.55,391.55,401.59,0.0,401.59,1,⏱️ Exited at Day 1 Close,0.0,Completed
2026-09-16,2026-09-17,PAISALO,Midcap,Financials,23195.25,23270.6,0.32,84.0,87.36,90.72,94.08,81.9,81.9,92.75,10.42,89.51,2,🚀 T1 & T2 Booked + Exited Day 2 Close,5.71,Completed
2026-09-16,2026-09-18,SHIVALIK,Smallcap,Chemicals,23334.7,23346.4,0.05,368.3,383.03,397.76,412.5,359.09,359.09,378.9,2.88,359.09,1,🛑 Stop Loss Hit (Day 1),-2.5,Completed
2026-09-16,2026-09-18,GLOBAL,Smallcap,Services,23334.7,23346.4,0.05,127.8,132.91,138.02,143.14,124.61,124.61,131.0,2.5,130.16,1,⏱️ Exited at Day 1 Close,1.85,Completed
2026-09-16,2026-09-18,UNIVPHOTO,Smallcap,Consumer Discretionary,23334.7,23346.4,0.05,624.75,649.74,674.73,699.72,609.13,609.13,624.75,0.0,609.13,1,🛑 Stop Loss Hit (Day 1),-2.5,Completed
2026-09-16,2026-09-17,NPST,Smallcap,I.T,23195.25,23270.6,0.32,1853.0,1927.12,2001.24,2075.36,1806.67,1806.67,1917.93,3.5,1806.67,2,🛑 Stop Loss Hit (Day 2),-2.5,Completed
2026-09-16,2026-09-17,PAYTM,Largecap,I.T,23195.25,23270.6,0.32,1795.0,1866.8,1938.6,2010.4,1750.12,1750.12,1849.9,3.06,1849.9,2,⏱️ Exited at Day 2 Close,3.06,Completed
2026-09-16,2026-09-17,MONQ50,Smallcap,Indices,23195.25,23270.6,0.32,272.53,283.43,294.33,305.23,265.72,265.72,330.33,21.21,305.23,1,🚀 Target 3 Hit (Day 1),6.8,Completed
2026-09-16,2026-09-17,EMUDHRA,Midcap,I.T,23195.25,23270.6,0.32,617.85,642.56,667.28,691.99,602.4,602.4,650.0,5.2,602.4,2,🛑 SL Hit on Remainder (T1 Booked) (Day 2),0.75,Completed
2026-09-16,2026-09-17,ROSSTECH,Midcap,Aerospace & Defence,23195.25,23270.6,0.32,1349.9,1403.9,1457.89,1511.89,1316.15,1316.15,1464.9,8.52,1374.3,2,🚀 T1 & T2 Booked + Exited Day 2 Close,4.76,Completed
2026-09-16,2026-09-17,ELLEN,Smallcap,None,23195.25,23270.6,0.32,375.9,390.94,405.97,421.01,366.5,366.5,387.0,2.95,373.1,2,⏱️ Exited at Day 2 Close,-0.74,Completed
2026-09-16,2026-09-17,STLNETWORK,Smallcap,Telecom-Service,23195.25,23270.6,0.32,39.48,41.06,42.64,44.22,38.49,38.49,42.95,8.79,42.95,2,🚀 T1 & T2 Booked + Exited Day 2 Close,6.16,Completed
2026-09-16,2026-09-17,KSHINTL,Midcap,Metals & Mining,23195.25,23270.6,0.32,1058.95,1101.31,1143.67,1186.02,1032.48,1032.48,1092.4,3.16,1046.95,2,⏱️ Exited at Day 2 Close,-1.13,Completed
2026-09-17,2026-09-18,SUPERSPIN,Smallcap,Miscellaneous,23334.7,23346.4,0.05,7.19,7.48,7.77,8.05,7.01,7.01,7.52,4.59,7.26,1,🎯 Target 1 Booked (50%) + Exited Day 1 Close,2.49,Completed
2026-09-17,2026-09-18,PAISALO,Midcap,Financials,23334.7,23346.4,0.05,91.0,94.64,98.28,101.92,88.72,88.72,91.0,0.0,89.51,1,⏱️ Exited at Day 1 Close,-1.64,Completed
2026-09-17,2026-09-18,GFSTEELS,Smallcap,Metals & Mining,23334.7,23346.4,0.05,25.44,26.46,27.48,28.49,24.8,24.8,25.44,0.0,25.44,1,⏱️ Exited at Day 1 Close,0.0,Completed
2026-09-17,2026-09-18,GEEKAYWIRE,Smallcap,Metals & Mining,23334.7,23346.4,0.05,34.0,35.36,36.72,38.08,33.15,33.15,35.0,2.94,33.15,1,🛑 Stop Loss Hit (Day 1),-2.5,Completed
2026-09-17,2026-09-18,SHAREINDIA,Smallcap,Financials,23334.7,23346.4,0.05,221.0,229.84,238.68,247.52,215.47,215.47,233.35,5.59,228.15,1,🎯 Target 1 Booked (50%) + Exited Day 1 Close,3.62,Completed
2026-09-17,2026-09-18,MONQ50,Smallcap,Indices,23334.7,23346.4,0.05,349.99,363.99,377.99,391.99,341.24,341.24,396.3,13.23,391.99,1,🚀 Target 3 Hit (Day 1),6.8,Completed
2026-09-17,2026-09-18,VENUSPIPES,Smallcap,Metals & Mining,23334.7,23346.4,0.05,2123.1,2208.02,2292.95,2377.87,2070.02,2070.02,2309.1,8.76,2282.9,1,🚀 T1 & T2 Booked + Exited Day 1 Close,5.91,Completed
2026-09-17,2026-09-18,YATHARTH,Midcap,Healthcare,23334.7,23346.4,0.05,1098.0,1141.92,1185.84,1229.76,1070.55,1070.55,1184.0,7.83,1139.5,1,🎯 Target 1 Booked (50%) + Exited Day 1 Close,3.89,Completed
2026-09-17,2026-09-18,MOTISONS,Smallcap,Consumer Discretionary,23334.7,23346.4,0.05,18.25,18.98,19.71,20.44,17.79,17.79,19.12,4.77,18.3,1,🎯 Target 1 Booked (50%) + Exited Day 1 Close,2.14,Completed
2026-09-18,Pending Next Session,WSTCSTPAPR,Midcap,Building Materials,0.0,0.0,0.0,0.0,0.0,0.0,0.0,0.0,0.0,0.0,0.0,0.0,0,⏳ Pending Entry,0.0,Pending
2026-09-18,Pending Next Session,ROLLT,Smallcap,Industrials,0.0,0.0,0.0,0.0,0.0,0.0,0.0,0.0,0.0,0.0,0.0,0.0,0,⏳ Pending Entry,0.0,Pending
2026-09-18,Pending Next Session,TALBROAUTO,Smallcap,Auto,0.0,0.0,0.0,0.0,0.0,0.0,0.0,0.0,0.0,0.0,0.0,0.0,0,⏳ Pending Entry,0.0,Pending
2026-09-18,Pending Next Session,GMMPFAUDLR,Midcap,Industrials,0.0,0.0,0.0,0.0,0.0,0.0,0.0,0.0,0.0,0.0,0.0,0.0,0,⏳ Pending Entry,0.0,Pending
2026-09-18,Pending Next Session,NRBBEARING,Midcap,Industrials,0.0,0.0,0.0,0.0,0.0,0.0,0.0,0.0,0.0,0.0,0.0,0.0,0,⏳ Pending Entry,0.0,Pending
2026-09-18,Pending Next Session,SHILPAMED,Midcap,Healthcare,0.0,0.0,0.0,0.0,0.0,0.0,0.0,0.0,0.0,0.0,0.0,0.0,0,⏳ Pending Entry,0.0,Pending
2026-09-18,Pending Next Session,MANGALAM,Smallcap,Healthcare,0.0,0.0,0.0,0.0,0.0,0.0,0.0,0.0,0.0,0.0,0.0,0.0,0,⏳ Pending Entry,0.0,Pending
2026-09-18,Pending Next Session,PVRINOX,Midcap,Media,0.0,0.0,0.0,0.0,0.0,0.0,0.0,0.0,0.0,0.0,0.0,0.0,0,⏳ Pending Entry,0.0,Pending
2026-09-18,Pending Next Session,PAISALO,Midcap,Financials,0.0,0.0,0.0,0.0,0.0,0.0,0.0,0.0,0.0,0.0,0.0,0.0,0,⏳ Pending Entry,0.0,Pending
2026-09-18,Pending Next Session,IL&FSENGG,Smallcap,Realty,0.0,0.0,0.0,0.0,0.0,0.0,0.0,0.0,0.0,0.0,0.0,0.0,0,⏳ Pending Entry,0.0,Pending
2026-09-18,Pending Next Session,SHEKHAWATI,Smallcap,Textiles,0.0,0.0,0.0,0.0,0.0,0.0,0.0,0.0,0.0,0.0,0.0,0.0,0,⏳ Pending Entry,0.0,Pending
2026-09-18,Pending Next Session,VALIANTORG,Smallcap,Chemicals,0.0,0.0,0.0,0.0,0.0,0.0,0.0,0.0,0.0,0.0,0.0,0.0,0,⏳ Pending Entry,0.0,Pending
2026-09-18,Pending Next Session,GFSTEELS,Smallcap,Metals & Mining,0.0,0.0,0.0,0.0,0.0,0.0,0.0,0.0,0.0,0.0,0.0,0.0,0,⏳ Pending Entry,0.0,Pending
2026-09-18,Pending Next Session,UNITEDPOLY,Smallcap,Textiles,0.0,0.0,0.0,0.0,0.0,0.0,0.0,0.0,0.0,0.0,0.0,0.0,0,⏳ Pending Entry,0.0,Pending
2026-09-18,Pending Next Session,SHAREINDIA,Smallcap,Financials,0.0,0.0,0.0,0.0,0.0,0.0,0.0,0.0,0.0,0.0,0.0,0.0,0,⏳ Pending Entry,0.0,Pending
2026-09-18,Pending Next Session,SOFTTECH,Smallcap,I.T,0.0,0.0,0.0,0.0,0.0,0.0,0.0,0.0,0.0,0.0,0.0,0.0,0,⏳ Pending Entry,0.0,Pending
2026-09-18,Pending Next Session,MAFANG,Smallcap,Indices,0.0,0.0,0.0,0.0,0.0,0.0,0.0,0.0,0.0,0.0,0.0,0.0,0,⏳ Pending Entry,0.0,Pending
2026-09-18,Pending Next Session,MASPTOP50,Smallcap,Indices,0.0,0.0,0.0,0.0,0.0,0.0,0.0,0.0,0.0,0.0,0.0,0.0,0,⏳ Pending Entry,0.0,Pending
2026-09-18,Pending Next Session,SIGACHI,Smallcap,Healthcare,0.0,0.0,0.0,0.0,0.0,0.0,0.0,0.0,0.0,0.0,0.0,0.0,0,⏳ Pending Entry,0.0,Pending
2026-09-18,Pending Next Session,NRL,Smallcap,Services,0.0,0.0,0.0,0.0,0.0,0.0,0.0,0.0,0.0,0.0,0.0,0.0,0,⏳ Pending Entry,0.0,Pending
2026-09-18,Pending Next Session,MONQ50,Smallcap,Indices,0.0,0.0,0.0,0.0,0.0,0.0,0.0,0.0,0.0,0.0,0.0,0.0,0,⏳ Pending Entry,0.0,Pending
2026-09-18,Pending Next Session,VENUSPIPES,Smallcap,Metals & Mining,0.0,0.0,0.0,0.0,0.0,0.0,0.0,0.0,0.0,0.0,0.0,0.0,0,⏳ Pending Entry,0.0,Pending
2026-09-18,Pending Next Session,SYRMA,Largecap,Consumer Discretionary,0.0,0.0,0.0,0.0,0.0,0.0,0.0,0.0,0.0,0.0,0.0,0.0,0,⏳ Pending Entry,0.0,Pending
2026-09-18,Pending Next Session,AVALON,Midcap,Consumer Discretionary,0.0,0.0,0.0,0.0,0.0,0.0,0.0,0.0,0.0,0.0,0.0,0.0,0,⏳ Pending Entry,0.0,Pending
2026-09-18,Pending Next Session,YATHARTH,Midcap,Healthcare,0.0,0.0,0.0,0.0,0.0,0.0,0.0,0.0,0.0,0.0,0.0,0.0,0,⏳ Pending Entry,0.0,Pending
2026-09-18,Pending Next Session,VALIANTLAB,Smallcap,Healthcare,0.0,0.0,0.0,0.0,0.0,0.0,0.0,0.0,0.0,0.0,0.0,0.0,0,⏳ Pending Entry,0.0,Pending
2026-09-18,Pending Next Session,MAXESTATES,Midcap,Realty,0.0,0.0,0.0,0.0,0.0,0.0,0.0,0.0,0.0,0.0,0.0,0.0,0,⏳ Pending Entry,0.0,Pending
2026-09-18,Pending Next Session,MOTISONS,Smallcap,Consumer Discretionary,0.0,0.0,0.0,0.0,0.0,0.0,0.0,0.0,0.0,0.0,0.0,0.0,0,⏳ Pending Entry,0.0,Pending
2026-09-18,Pending Next Session,SAMBHV,Smallcap,Metals & Mining,0.0,0.0,0.0,0.0,0.0,0.0,0.0,0.0,0.0,0.0,0.0,0.0,0,⏳ Pending Entry,0.0,Pending
2026-09-18,Pending Next Session,AHCL,Smallcap,Healthcare,0.0,0.0,0.0,0.0,0.0,0.0,0.0,0.0,0.0,0.0,0.0,0.0,0,⏳ Pending Entry,0.0,Pending
