Combo_ID,Target_1_Pct,Target_2_Pct,Target_3_Pct,Stop_Loss_Pct,Max_Holding_Days,Enable_Trailing_SL,Trailing_SL_Pct,Trail_Trigger,T1_Book_Pct,T2_Book_Pct,T3_Runner_Pct,Allocation_Profile,Total_Trades,Completed_Trades,Wins,Losses,Win_Rate_Pct,Avg_Return_Pct,Profit_Factor,T1_Hit_Count,T1_Hit_Rate_Pct,T2_Hit_Count,T2_Hit_Rate_Pct,T3_Hit_Count,T3_Hit_Rate_Pct,Trail_SL_Hit_Count,SL_Hit_Count,Best_Stock,Worst_Stock,CSV_File
COMBO_0023,3.5,6.0,10.0,2.0,5,True,2.0,From Entry,50.0,30.0,20.0,Balanced_50_30_20,498,468,260,206,55.6,1.14,3.09,147,31.4,45,9.6,40,8.5,141,279,KALYANIFRG (+5.55%),GATECH (-2.00%),trades_T1_3.5_T2_6.0_T3_10.0_SL_2.0_H5_TSL2.0_Entry_Q1_50_Q2_30.csv
COMBO_0031,3.5,6.0,10.0,2.0,7,True,2.0,From Entry,50.0,30.0,20.0,Balanced_50_30_20,498,468,260,206,55.6,1.14,3.09,144,30.8,42,9.0,43,9.2,141,279,KALYANIFRG (+5.55%),GATECH (-2.00%),trades_T1_3.5_T2_6.0_T3_10.0_SL_2.0_H7_TSL2.0_Entry_Q1_50_Q2_30.csv
COMBO_0039,3.5,6.0,10.0,2.0,10,True,2.0,From Entry,50.0,30.0,20.0,Balanced_50_30_20,498,468,260,206,55.6,1.14,3.09,144,30.8,42,9.0,43,9.2,141,279,KALYANIFRG (+5.55%),GATECH (-2.00%),trades_T1_3.5_T2_6.0_T3_10.0_SL_2.0_H10_TSL2.0_Entry_Q1_50_Q2_30.csv
COMBO_0015,3.5,6.0,10.0,2.0,3,True,2.0,From Entry,50.0,30.0,20.0,Balanced_50_30_20,498,468,260,206,55.6,1.12,3.06,146,31.2,39,8.3,40,8.5,139,279,KALYANIFRG (+5.55%),GATECH (-2.00%),trades_T1_3.5_T2_6.0_T3_10.0_SL_2.0_H3_TSL2.0_Entry_Q1_50_Q2_30.csv
COMBO_0007,3.5,6.0,10.0,2.0,2,True,2.0,From Entry,50.0,30.0,20.0,Balanced_50_30_20,498,468,261,205,55.8,1.09,3.0,142,30.3,40,8.5,37,7.9,138,276,KALYANIFRG (+5.55%),GATECH (-2.00%),trades_T1_3.5_T2_6.0_T3_10.0_SL_2.0_H2_TSL2.0_Entry_Q1_50_Q2_30.csv
COMBO_0024,3.5,6.0,10.0,2.0,5,True,2.0,From Entry,50.0,50.0,0.0,TwoTier_50_50,498,468,260,206,55.6,1.07,2.97,148,31.6,46,9.8,39,8.3,100,279,SHAHALLOYS (+4.75%),GATECH (-2.00%),trades_T1_3.5_T2_6.0_T3_10.0_SL_2.0_H5_TSL2.0_Entry_Q1_50_Q2_50.csv
COMBO_0032,3.5,6.0,10.0,2.0,7,True,2.0,From Entry,50.0,50.0,0.0,TwoTier_50_50,498,468,260,206,55.6,1.07,2.97,148,31.6,46,9.8,39,8.3,100,279,SHAHALLOYS (+4.75%),GATECH (-2.00%),trades_T1_3.5_T2_6.0_T3_10.0_SL_2.0_H7_TSL2.0_Entry_Q1_50_Q2_50.csv
COMBO_0040,3.5,6.0,10.0,2.0,10,True,2.0,From Entry,50.0,50.0,0.0,TwoTier_50_50,498,468,260,206,55.6,1.07,2.97,148,31.6,46,9.8,39,8.3,100,279,SHAHALLOYS (+4.75%),GATECH (-2.00%),trades_T1_3.5_T2_6.0_T3_10.0_SL_2.0_H10_TSL2.0_Entry_Q1_50_Q2_50.csv
COMBO_0016,3.5,6.0,10.0,2.0,3,True,2.0,From Entry,50.0,50.0,0.0,TwoTier_50_50,498,468,260,206,55.6,1.06,2.94,147,31.4,40,8.5,39,8.3,100,279,SHAHALLOYS (+4.75%),GATECH (-2.00%),trades_T1_3.5_T2_6.0_T3_10.0_SL_2.0_H3_TSL2.0_Entry_Q1_50_Q2_50.csv
COMBO_0008,3.5,6.0,10.0,2.0,2,True,2.0,From Entry,50.0,50.0,0.0,TwoTier_50_50,498,468,261,205,55.8,1.03,2.89,142,30.3,40,8.5,37,7.9,99,276,SHAHALLOYS (+4.75%),GATECH (-2.00%),trades_T1_3.5_T2_6.0_T3_10.0_SL_2.0_H2_TSL2.0_Entry_Q1_50_Q2_50.csv
COMBO_0140,3.5,6.0,10.0,1.5,5,True,2.0,After Target 1,50.0,30.0,20.0,Balanced_50_30_20,498,468,200,266,42.7,0.84,1.98,156,33.3,50,10.7,43,9.2,150,266,KALYANIFRG (+5.55%),MOREPENLAB (-1.50%),trades_T1_3.5_T2_6.0_T3_10.0_SL_1.5_H5_TSL2.0_BE_Q1_50_Q2_30.csv
COMBO_0137,3.0,6.0,10.0,1.5,3,True,2.0,After Target 1,50.0,30.0,20.0,Balanced_50_30_20,498,468,217,249,46.4,0.83,2.04,172,36.8,43,9.2,42,9.0,164,248,KALYANIFRG (+5.30%),MODISONLTD (-1.50%),trades_T1_3.0_T2_6.0_T3_10.0_SL_1.5_H3_TSL2.0_BE_Q1_50_Q2_30.csv
COMBO_0138,3.0,6.0,10.0,1.5,5,True,2.0,After Target 1,50.0,30.0,20.0,Balanced_50_30_20,498,468,215,251,45.9,0.83,2.03,172,36.8,49,10.5,42,9.0,166,251,KALYANIFRG (+5.30%),MODISONLTD (-1.50%),trades_T1_3.0_T2_6.0_T3_10.0_SL_1.5_H5_TSL2.0_BE_Q1_50_Q2_30.csv
COMBO_0139,3.5,6.0,10.0,1.5,3,True,2.0,After Target 1,50.0,30.0,20.0,Balanced_50_30_20,498,468,202,264,43.2,0.83,1.99,155,33.1,44,9.4,43,9.2,148,263,KALYANIFRG (+5.55%),MOREPENLAB (-1.50%),trades_T1_3.5_T2_6.0_T3_10.0_SL_1.5_H3_TSL2.0_BE_Q1_50_Q2_30.csv
COMBO_0206,3.5,6.0,10.0,2.0,5,True,2.0,After Target 1,30.0,30.0,40.0,RunnerHeavy_30_30_40,498,468,213,253,45.5,0.83,1.77,167,35.7,53,11.3,44,9.4,160,253,KALYANIFRG (+6.85%),MOREPENLAB (-2.00%),trades_T1_3.5_T2_6.0_T3_10.0_SL_2.0_H5_TSL2.0_BE_Q1_30_Q2_30.csv
COMBO_0208,3.5,6.0,10.0,2.0,7,True,2.0,After Target 1,30.0,30.0,40.0,RunnerHeavy_30_30_40,498,468,212,254,45.3,0.83,1.77,164,35.0,49,10.5,48,10.3,161,254,KALYANIFRG (+6.85%),MOREPENLAB (-2.00%),trades_T1_3.5_T2_6.0_T3_10.0_SL_2.0_H7_TSL2.0_BE_Q1_30_Q2_30.csv
COMBO_0142,4.0,8.0,12.0,1.5,5,True,2.0,After Target 1,50.0,30.0,20.0,Balanced_50_30_20,498,468,174,292,37.2,0.82,1.88,138,29.5,33,7.1,34,7.3,131,292,KALYANIFRG (+6.80%),MOREPENLAB (-1.50%),trades_T1_4.0_T2_8.0_T3_12.0_SL_1.5_H5_TSL2.0_BE_Q1_50_Q2_30.csv
COMBO_0141,4.0,8.0,12.0,1.5,3,True,2.0,After Target 1,50.0,30.0,20.0,Balanced_50_30_20,498,468,176,289,37.6,0.81,1.87,132,28.2,33,7.1,33,7.1,128,288,KALYANIFRG (+6.80%),MOREPENLAB (-1.50%),trades_T1_4.0_T2_8.0_T3_12.0_SL_1.5_H3_TSL2.0_BE_Q1_50_Q2_30.csv
COMBO_0204,3.5,6.0,10.0,2.0,3,True,2.0,After Target 1,30.0,30.0,40.0,RunnerHeavy_30_30_40,498,468,213,252,45.5,0.81,1.76,164,35.0,46,9.8,44,9.4,156,248,KALYANIFRG (+6.85%),MOREPENLAB (-2.00%),trades_T1_3.5_T2_6.0_T3_10.0_SL_2.0_H3_TSL2.0_BE_Q1_30_Q2_30.csv
COMBO_0190,3.5,6.0,10.0,2.0,5,True,2.0,After Target 1,33.0,33.0,34.0,Equal_33_33_34,498,468,213,253,45.5,0.8,1.74,167,35.7,53,11.3,44,9.4,160,253,KALYANIFRG (+6.53%),MOREPENLAB (-2.00%),trades_T1_3.5_T2_6.0_T3_10.0_SL_2.0_H5_TSL2.0_BE_Q1_33_Q2_33.csv
COMBO_0192,3.5,6.0,10.0,2.0,7,True,2.0,After Target 1,33.0,33.0,34.0,Equal_33_33_34,498,468,212,254,45.3,0.8,1.74,164,35.0,49,10.5,48,10.3,161,254,KALYANIFRG (+6.53%),MOREPENLAB (-2.00%),trades_T1_3.5_T2_6.0_T3_10.0_SL_2.0_H7_TSL2.0_BE_Q1_33_Q2_33.csv
COMBO_0202,3.5,6.0,10.0,2.0,2,True,2.0,After Target 1,30.0,30.0,40.0,RunnerHeavy_30_30_40,498,468,217,249,46.4,0.79,1.77,155,33.1,47,10.0,40,8.5,150,235,KALYANIFRG (+6.85%),MOREPENLAB (-2.00%),trades_T1_3.5_T2_6.0_T3_10.0_SL_2.0_H2_TSL2.0_BE_Q1_30_Q2_30.csv
COMBO_0188,3.5,6.0,10.0,2.0,3,True,2.0,After Target 1,33.0,33.0,34.0,Equal_33_33_34,498,468,213,252,45.5,0.78,1.74,164,35.0,46,9.8,44,9.4,156,248,KALYANIFRG (+6.53%),MOREPENLAB (-2.00%),trades_T1_3.5_T2_6.0_T3_10.0_SL_2.0_H3_TSL2.0_BE_Q1_33_Q2_33.csv
COMBO_0019,3.5,6.0,10.0,2.0,5,True,1.5,After Target 1,50.0,30.0,20.0,Balanced_50_30_20,498,468,213,253,45.5,0.78,1.72,167,35.7,53,11.3,44,9.4,160,253,KALYANIFRG (+5.55%),MOREPENLAB (-2.00%),trades_T1_3.5_T2_6.0_T3_10.0_SL_2.0_H5_TSL1.5_BE_Q1_50_Q2_30.csv
COMBO_0027,3.5,6.0,10.0,2.0,7,True,1.5,After Target 1,50.0,30.0,20.0,Balanced_50_30_20,498,468,212,254,45.3,0.78,1.72,164,35.0,49,10.5,48,10.3,161,254,KALYANIFRG (+5.55%),MOREPENLAB (-2.00%),trades_T1_3.5_T2_6.0_T3_10.0_SL_2.0_H7_TSL1.5_BE_Q1_50_Q2_30.csv
COMBO_0035,3.5,6.0,10.0,2.0,10,True,1.5,After Target 1,50.0,30.0,20.0,Balanced_50_30_20,498,468,212,254,45.3,0.78,1.72,164,35.0,49,10.5,48,10.3,161,254,KALYANIFRG (+5.55%),MOREPENLAB (-2.00%),trades_T1_3.5_T2_6.0_T3_10.0_SL_2.0_H10_TSL1.5_BE_Q1_50_Q2_30.csv
COMBO_0011,3.5,6.0,10.0,2.0,3,True,1.5,After Target 1,50.0,30.0,20.0,Balanced_50_30_20,498,468,213,252,45.5,0.77,1.72,164,35.0,46,9.8,44,9.4,156,248,KALYANIFRG (+5.55%),MOREPENLAB (-2.00%),trades_T1_3.5_T2_6.0_T3_10.0_SL_2.0_H3_TSL1.5_BE_Q1_50_Q2_30.csv
COMBO_0082,3.5,7.0,12.0,2.0,5,True,2.0,After Target 1,50.0,30.0,20.0,Balanced_50_30_20,498,468,213,253,45.5,0.77,1.71,177,37.8,51,10.9,34,7.3,169,253,KALYANIFRG (+6.25%),MOREPENLAB (-2.00%),trades_T1_3.5_T2_7.0_T3_12.0_SL_2.0_H5_TSL2.0_BE_Q1_50_Q2_30.csv
COMBO_0086,3.5,7.0,12.0,2.0,7,True,2.0,After Target 1,50.0,30.0,20.0,Balanced_50_30_20,498,468,212,254,45.3,0.77,1.71,178,38.0,51,10.9,34,7.3,170,254,KALYANIFRG (+6.25%),MOREPENLAB (-2.00%),trades_T1_3.5_T2_7.0_T3_12.0_SL_2.0_H7_TSL2.0_BE_Q1_50_Q2_30.csv
COMBO_0186,3.5,6.0,10.0,2.0,2,True,2.0,After Target 1,33.0,33.0,34.0,Equal_33_33_34,498,468,217,249,46.4,0.76,1.74,155,33.1,47,10.0,40,8.5,150,235,KALYANIFRG (+6.53%),MOREPENLAB (-2.00%),trades_T1_3.5_T2_6.0_T3_10.0_SL_2.0_H2_TSL2.0_BE_Q1_33_Q2_33.csv
COMBO_0078,3.5,7.0,12.0,2.0,3,True,2.0,After Target 1,50.0,30.0,20.0,Balanced_50_30_20,498,468,213,252,45.5,0.76,1.71,175,37.4,45,9.6,33,7.1,165,248,KALYANIFRG (+6.25%),MOREPENLAB (-2.00%),trades_T1_3.5_T2_7.0_T3_12.0_SL_2.0_H3_TSL2.0_BE_Q1_50_Q2_30.csv
COMBO_0003,3.5,6.0,10.0,2.0,2,True,1.5,After Target 1,50.0,30.0,20.0,Balanced_50_30_20,498,468,217,249,46.4,0.75,1.72,155,33.1,47,10.0,40,8.5,150,235,KALYANIFRG (+5.55%),MOREPENLAB (-2.00%),trades_T1_3.5_T2_6.0_T3_10.0_SL_2.0_H2_TSL1.5_BE_Q1_50_Q2_30.csv
COMBO_0042,2.5,5.0,8.0,2.0,3,True,2.0,After Target 1,50.0,30.0,20.0,Balanced_50_30_20,498,468,253,212,54.1,0.7,1.78,186,39.7,54,11.5,63,13.5,177,210,SHAHALLOYS (+4.35%),IVP (-2.00%),trades_T1_2.5_T2_5.0_T3_8.0_SL_2.0_H3_TSL2.0_BE_Q1_50_Q2_30.csv
COMBO_0050,2.5,5.0,8.0,2.0,7,True,2.0,After Target 1,50.0,30.0,20.0,Balanced_50_30_20,498,468,252,214,53.8,0.7,1.77,184,39.3,56,12.0,68,14.5,181,214,SHAHALLOYS (+4.35%),IVP (-2.00%),trades_T1_2.5_T2_5.0_T3_8.0_SL_2.0_H7_TSL2.0_BE_Q1_50_Q2_30.csv
COMBO_0046,2.5,5.0,8.0,2.0,5,True,2.0,After Target 1,50.0,30.0,20.0,Balanced_50_30_20,498,468,252,214,53.8,0.7,1.76,186,39.7,60,12.8,64,13.7,179,214,SHAHALLOYS (+4.35%),IVP (-2.00%),trades_T1_2.5_T2_5.0_T3_8.0_SL_2.0_H5_TSL2.0_BE_Q1_50_Q2_30.csv
COMBO_0013,3.5,6.0,10.0,2.0,3,True,2.0,After Target 1,50.0,30.0,20.0,Balanced_50_30_20,498,468,213,252,45.5,0.7,1.66,164,35.0,46,9.8,44,9.4,156,248,KALYANIFRG (+5.55%),MOREPENLAB (-2.00%),trades_T1_3.5_T2_6.0_T3_10.0_SL_2.0_H3_TSL2.0_BE_Q1_50_Q2_30.csv
COMBO_0021,3.5,6.0,10.0,2.0,5,True,2.0,After Target 1,50.0,30.0,20.0,Balanced_50_30_20,498,468,213,253,45.5,0.7,1.65,167,35.7,53,11.3,44,9.4,160,253,KALYANIFRG (+5.55%),MOREPENLAB (-2.00%),trades_T1_3.5_T2_6.0_T3_10.0_SL_2.0_H5_TSL2.0_BE_Q1_50_Q2_30.csv
COMBO_0029,3.5,6.0,10.0,2.0,7,True,2.0,After Target 1,50.0,30.0,20.0,Balanced_50_30_20,498,468,212,254,45.3,0.7,1.65,164,35.0,49,10.5,48,10.3,161,254,KALYANIFRG (+5.55%),MOREPENLAB (-2.00%),trades_T1_3.5_T2_6.0_T3_10.0_SL_2.0_H7_TSL2.0_BE_Q1_50_Q2_30.csv
COMBO_0037,3.5,6.0,10.0,2.0,10,True,2.0,After Target 1,50.0,30.0,20.0,Balanced_50_30_20,498,468,212,254,45.3,0.7,1.65,164,35.0,49,10.5,48,10.3,161,254,KALYANIFRG (+5.55%),MOREPENLAB (-2.00%),trades_T1_3.5_T2_6.0_T3_10.0_SL_2.0_H10_TSL2.0_BE_Q1_50_Q2_30.csv
COMBO_0106,4.0,8.0,15.0,2.0,5,True,2.0,After Target 1,50.0,30.0,20.0,Balanced_50_30_20,498,468,188,278,40.2,0.7,1.59,166,35.5,50,10.7,19,4.1,158,278,PAR (+7.40%),MOREPENLAB (-2.00%),trades_T1_4.0_T2_8.0_T3_15.0_SL_2.0_H5_TSL2.0_BE_Q1_50_Q2_30.csv
COMBO_0110,4.0,8.0,15.0,2.0,7,True,2.0,After Target 1,50.0,30.0,20.0,Balanced_50_30_20,498,468,187,279,40.0,0.7,1.59,166,35.5,54,11.5,19,4.1,158,279,PAR (+7.40%),MOREPENLAB (-2.00%),trades_T1_4.0_T2_8.0_T3_15.0_SL_2.0_H7_TSL2.0_BE_Q1_50_Q2_30.csv
COMBO_0012,3.5,6.0,10.0,2.0,3,True,1.5,After Target 1,50.0,50.0,0.0,TwoTier_50_50,498,468,213,252,45.5,0.69,1.65,166,35.5,48,10.3,42,9.0,110,248,SHAHALLOYS (+4.75%),MOREPENLAB (-2.00%),trades_T1_3.5_T2_6.0_T3_10.0_SL_2.0_H3_TSL1.5_BE_Q1_50_Q2_50.csv
COMBO_0020,3.5,6.0,10.0,2.0,5,True,1.5,After Target 1,50.0,50.0,0.0,TwoTier_50_50,498,468,213,253,45.5,0.69,1.64,169,36.1,55,11.8,42,9.0,112,253,SHAHALLOYS (+4.75%),MOREPENLAB (-2.00%),trades_T1_3.5_T2_6.0_T3_10.0_SL_2.0_H5_TSL1.5_BE_Q1_50_Q2_50.csv
COMBO_0028,3.5,6.0,10.0,2.0,7,True,1.5,After Target 1,50.0,50.0,0.0,TwoTier_50_50,498,468,212,254,45.3,0.69,1.64,170,36.3,55,11.8,42,9.0,113,254,SHAHALLOYS (+4.75%),MOREPENLAB (-2.00%),trades_T1_3.5_T2_6.0_T3_10.0_SL_2.0_H7_TSL1.5_BE_Q1_50_Q2_50.csv
COMBO_0036,3.5,6.0,10.0,2.0,10,True,1.5,After Target 1,50.0,50.0,0.0,TwoTier_50_50,498,468,212,254,45.3,0.69,1.64,170,36.3,55,11.8,42,9.0,113,254,SHAHALLOYS (+4.75%),MOREPENLAB (-2.00%),trades_T1_3.5_T2_6.0_T3_10.0_SL_2.0_H10_TSL1.5_BE_Q1_50_Q2_50.csv
COMBO_0098,4.0,8.0,12.0,2.0,7,True,2.0,After Target 1,50.0,30.0,20.0,Balanced_50_30_20,498,468,187,279,40.0,0.69,1.58,151,32.3,39,8.3,34,7.3,143,279,KALYANIFRG (+6.80%),MOREPENLAB (-2.00%),trades_T1_4.0_T2_8.0_T3_12.0_SL_2.0_H7_TSL2.0_BE_Q1_50_Q2_30.csv
COMBO_0054,3.0,6.0,10.0,2.0,3,True,2.0,After Target 1,50.0,30.0,20.0,Balanced_50_30_20,498,468,226,239,48.3,0.68,1.67,180,38.5,45,9.6,42,9.0,171,236,KALYANIFRG (+5.30%),MODISONLTD (-2.00%),trades_T1_3.0_T2_6.0_T3_10.0_SL_2.0_H3_TSL2.0_BE_Q1_50_Q2_30.csv
COMBO_0058,3.0,6.0,10.0,2.0,5,True,2.0,After Target 1,50.0,30.0,20.0,Balanced_50_30_20,498,468,226,240,48.3,0.68,1.67,182,38.9,52,11.1,42,9.0,175,240,KALYANIFRG (+5.30%),MODISONLTD (-2.00%),trades_T1_3.0_T2_6.0_T3_10.0_SL_2.0_H5_TSL2.0_BE_Q1_50_Q2_30.csv
COMBO_0062,3.0,6.0,10.0,2.0,7,True,2.0,After Target 1,50.0,30.0,20.0,Balanced_50_30_20,498,468,225,241,48.1,0.68,1.67,179,38.2,48,10.3,46,9.8,176,241,KALYANIFRG (+5.30%),MODISONLTD (-2.00%),trades_T1_3.0_T2_6.0_T3_10.0_SL_2.0_H7_TSL2.0_BE_Q1_50_Q2_30.csv
COMBO_0005,3.5,6.0,10.0,2.0,2,True,2.0,After Target 1,50.0,30.0,20.0,Balanced_50_30_20,498,468,217,249,46.4,0.68,1.66,155,33.1,47,10.0,40,8.5,150,235,KALYANIFRG (+5.55%),MOREPENLAB (-2.00%),trades_T1_3.5_T2_6.0_T3_10.0_SL_2.0_H2_TSL2.0_BE_Q1_50_Q2_30.csv
COMBO_0102,4.0,8.0,15.0,2.0,3,True,2.0,After Target 1,50.0,30.0,20.0,Balanced_50_30_20,498,468,188,276,40.2,0.68,1.58,157,33.5,50,10.7,18,3.8,153,271,PAR (+7.40%),MOREPENLAB (-2.00%),trades_T1_4.0_T2_8.0_T3_15.0_SL_2.0_H3_TSL2.0_BE_Q1_50_Q2_30.csv
COMBO_0094,4.0,8.0,12.0,2.0,5,True,2.0,After Target 1,50.0,30.0,20.0,Balanced_50_30_20,498,468,188,278,40.2,0.68,1.57,151,32.3,35,7.5,34,7.3,143,278,KALYANIFRG (+6.80%),MOREPENLAB (-2.00%),trades_T1_4.0_T2_8.0_T3_12.0_SL_2.0_H5_TSL2.0_BE_Q1_50_Q2_30.csv
COMBO_0004,3.5,6.0,10.0,2.0,2,True,1.5,After Target 1,50.0,50.0,0.0,TwoTier_50_50,498,468,217,249,46.4,0.67,1.65,155,33.1,47,10.0,40,8.5,105,235,SHAHALLOYS (+4.75%),MOREPENLAB (-2.00%),trades_T1_3.5_T2_6.0_T3_10.0_SL_2.0_H2_TSL1.5_BE_Q1_50_Q2_50.csv
COMBO_0090,4.0,8.0,12.0,2.0,3,True,2.0,After Target 1,50.0,30.0,20.0,Balanced_50_30_20,498,468,188,276,40.2,0.66,1.57,142,30.3,35,7.5,33,7.1,138,271,KALYANIFRG (+6.80%),MOREPENLAB (-2.00%),trades_T1_4.0_T2_8.0_T3_12.0_SL_2.0_H3_TSL2.0_BE_Q1_50_Q2_30.csv
COMBO_0014,3.5,6.0,10.0,2.0,3,True,2.0,After Target 1,50.0,50.0,0.0,TwoTier_50_50,498,468,213,252,45.5,0.63,1.59,166,35.5,48,10.3,42,9.0,110,248,SHAHALLOYS (+4.75%),MOREPENLAB (-2.00%),trades_T1_3.5_T2_6.0_T3_10.0_SL_2.0_H3_TSL2.0_BE_Q1_50_Q2_50.csv
COMBO_0022,3.5,6.0,10.0,2.0,5,True,2.0,After Target 1,50.0,50.0,0.0,TwoTier_50_50,498,468,213,253,45.5,0.63,1.58,169,36.1,55,11.8,42,9.0,112,253,SHAHALLOYS (+4.75%),MOREPENLAB (-2.00%),trades_T1_3.5_T2_6.0_T3_10.0_SL_2.0_H5_TSL2.0_BE_Q1_50_Q2_50.csv
COMBO_0030,3.5,6.0,10.0,2.0,7,True,2.0,After Target 1,50.0,50.0,0.0,TwoTier_50_50,498,468,212,254,45.3,0.63,1.58,170,36.3,55,11.8,42,9.0,113,254,SHAHALLOYS (+4.75%),MOREPENLAB (-2.00%),trades_T1_3.5_T2_6.0_T3_10.0_SL_2.0_H7_TSL2.0_BE_Q1_50_Q2_50.csv
COMBO_0038,3.5,6.0,10.0,2.0,10,True,2.0,After Target 1,50.0,50.0,0.0,TwoTier_50_50,498,468,212,254,45.3,0.63,1.58,170,36.3,55,11.8,42,9.0,113,254,SHAHALLOYS (+4.75%),MOREPENLAB (-2.00%),trades_T1_3.5_T2_6.0_T3_10.0_SL_2.0_H10_TSL2.0_BE_Q1_50_Q2_50.csv
COMBO_0006,3.5,6.0,10.0,2.0,2,True,2.0,After Target 1,50.0,50.0,0.0,TwoTier_50_50,498,468,217,249,46.4,0.61,1.59,155,33.1,47,10.0,40,8.5,105,235,SHAHALLOYS (+4.75%),MOREPENLAB (-2.00%),trades_T1_3.5_T2_6.0_T3_10.0_SL_2.0_H2_TSL2.0_BE_Q1_50_Q2_50.csv
COMBO_0080,3.5,7.0,12.0,2.5,3,True,2.0,After Target 1,50.0,30.0,20.0,Balanced_50_30_20,498,468,222,243,47.4,0.6,1.48,179,38.2,46,9.8,33,7.1,169,230,KALYANIFRG (+6.25%),MOREPENLAB (-2.50%),trades_T1_3.5_T2_7.0_T3_12.0_SL_2.5_H3_TSL2.0_BE_Q1_50_Q2_30.csv
COMBO_0084,3.5,7.0,12.0,2.5,5,True,2.0,After Target 1,50.0,30.0,20.0,Balanced_50_30_20,498,468,220,246,47.0,0.6,1.47,182,38.9,52,11.1,34,7.3,174,239,KALYANIFRG (+6.25%),MOREPENLAB (-2.50%),trades_T1_3.5_T2_7.0_T3_12.0_SL_2.5_H5_TSL2.0_BE_Q1_50_Q2_30.csv
COMBO_0126,5.0,10.0,20.0,2.0,3,True,2.0,After Target 1,50.0,30.0,20.0,Balanced_50_30_20,498,468,160,304,34.2,0.6,1.47,137,29.3,46,9.8,3,0.6,133,299,BODALCHEM (+9.50%),MANALIPETC (-2.00%),trades_T1_5.0_T2_10.0_T3_20.0_SL_2.0_H3_TSL2.0_BE_Q1_50_Q2_30.csv
COMBO_0088,3.5,7.0,12.0,2.5,7,True,2.0,After Target 1,50.0,30.0,20.0,Balanced_50_30_20,498,468,219,247,46.8,0.6,1.46,183,39.1,52,11.1,34,7.3,175,242,KALYANIFRG (+6.25%),MOREPENLAB (-2.50%),trades_T1_3.5_T2_7.0_T3_12.0_SL_2.5_H7_TSL2.0_BE_Q1_50_Q2_30.csv
COMBO_0130,5.0,10.0,20.0,2.0,5,True,2.0,After Target 1,50.0,30.0,20.0,Balanced_50_30_20,498,468,156,310,33.3,0.6,1.45,146,31.2,45,9.6,4,0.9,137,310,BODALCHEM (+9.50%),MANALIPETC (-2.00%),trades_T1_5.0_T2_10.0_T3_20.0_SL_2.0_H5_TSL2.0_BE_Q1_50_Q2_30.csv
COMBO_0134,5.0,10.0,20.0,2.0,7,True,2.0,After Target 1,50.0,30.0,20.0,Balanced_50_30_20,498,468,154,312,32.9,0.6,1.45,146,31.2,49,10.5,4,0.9,138,312,BODALCHEM (+9.50%),MANALIPETC (-2.00%),trades_T1_5.0_T2_10.0_T3_20.0_SL_2.0_H7_TSL2.0_BE_Q1_50_Q2_30.csv
COMBO_0196,3.5,6.0,10.0,2.0,3,True,2.0,After Target 1,70.0,30.0,0.0,HeavyT1_70_30,498,468,213,252,45.5,0.58,1.55,164,35.0,46,9.8,44,9.4,156,248,SHAHALLOYS (+4.25%),MOREPENLAB (-2.00%),trades_T1_3.5_T2_6.0_T3_10.0_SL_2.0_H3_TSL2.0_BE_Q1_70_Q2_30.csv
COMBO_0198,3.5,6.0,10.0,2.0,5,True,2.0,After Target 1,70.0,30.0,0.0,HeavyT1_70_30,498,468,213,253,45.5,0.58,1.53,167,35.7,53,11.3,44,9.4,160,253,SHAHALLOYS (+4.25%),MOREPENLAB (-2.00%),trades_T1_3.5_T2_6.0_T3_10.0_SL_2.0_H5_TSL2.0_BE_Q1_70_Q2_30.csv
COMBO_0200,3.5,6.0,10.0,2.0,7,True,2.0,After Target 1,70.0,30.0,0.0,HeavyT1_70_30,498,468,212,254,45.3,0.58,1.53,164,35.0,49,10.5,48,10.3,161,254,SHAHALLOYS (+4.25%),MOREPENLAB (-2.00%),trades_T1_3.5_T2_6.0_T3_10.0_SL_2.0_H7_TSL2.0_BE_Q1_70_Q2_30.csv
COMBO_0194,3.5,6.0,10.0,2.0,2,True,2.0,After Target 1,70.0,30.0,0.0,HeavyT1_70_30,498,468,217,249,46.4,0.57,1.55,155,33.1,47,10.0,40,8.5,150,235,SHAHALLOYS (+4.25%),MOREPENLAB (-2.00%),trades_T1_3.5_T2_6.0_T3_10.0_SL_2.0_H2_TSL2.0_BE_Q1_70_Q2_30.csv
COMBO_0044,2.5,5.0,8.0,2.5,3,True,2.0,After Target 1,50.0,30.0,20.0,Balanced_50_30_20,498,468,262,203,56.0,0.56,1.53,193,41.2,55,11.8,63,13.5,184,197,SHAHALLOYS (+4.35%),IVP (-2.50%),trades_T1_2.5_T2_5.0_T3_8.0_SL_2.5_H3_TSL2.0_BE_Q1_50_Q2_30.csv
COMBO_0114,5.0,8.0,15.0,2.0,3,True,2.0,After Target 1,50.0,30.0,20.0,Balanced_50_30_20,498,468,160,304,34.2,0.56,1.43,121,25.9,57,12.2,19,4.1,117,299,PAR (+7.90%),MANALIPETC (-2.00%),trades_T1_5.0_T2_8.0_T3_15.0_SL_2.0_H3_TSL2.0_BE_Q1_50_Q2_30.csv
COMBO_0048,2.5,5.0,8.0,2.5,5,True,2.0,After Target 1,50.0,30.0,20.0,Balanced_50_30_20,498,468,259,207,55.3,0.55,1.5,193,41.2,61,13.0,64,13.7,186,204,SHAHALLOYS (+4.35%),IVP (-2.50%),trades_T1_2.5_T2_5.0_T3_8.0_SL_2.5_H5_TSL2.0_BE_Q1_50_Q2_30.csv
COMBO_0118,5.0,8.0,15.0,2.0,5,True,2.0,After Target 1,50.0,30.0,20.0,Balanced_50_30_20,498,468,156,310,33.3,0.55,1.42,130,27.8,57,12.2,20,4.3,121,310,PAR (+7.90%),MANALIPETC (-2.00%),trades_T1_5.0_T2_8.0_T3_15.0_SL_2.0_H5_TSL2.0_BE_Q1_50_Q2_30.csv
COMBO_0122,5.0,8.0,15.0,2.0,7,True,2.0,After Target 1,50.0,30.0,20.0,Balanced_50_30_20,498,468,154,312,32.9,0.55,1.41,130,27.8,61,13.0,20,4.3,122,312,PAR (+7.90%),MANALIPETC (-2.00%),trades_T1_5.0_T2_8.0_T3_15.0_SL_2.0_H7_TSL2.0_BE_Q1_50_Q2_30.csv
COMBO_0052,2.5,5.0,8.0,2.5,7,True,2.0,After Target 1,50.0,30.0,20.0,Balanced_50_30_20,498,468,259,207,55.3,0.54,1.49,191,40.8,57,12.2,68,14.5,188,206,SHAHALLOYS (+4.35%),IVP (-2.50%),trades_T1_2.5_T2_5.0_T3_8.0_SL_2.5_H7_TSL2.0_BE_Q1_50_Q2_30.csv
COMBO_0068,3.5,6.0,10.0,2.5,3,True,2.0,After Target 1,50.0,30.0,20.0,Balanced_50_30_20,498,468,222,243,47.4,0.54,1.43,168,35.9,48,10.3,44,9.4,160,230,KALYANIFRG (+5.55%),MOREPENLAB (-2.50%),trades_T1_3.5_T2_6.0_T3_10.0_SL_2.5_H3_TSL2.0_BE_Q1_50_Q2_30.csv
COMBO_0072,3.5,6.0,10.0,2.5,5,True,2.0,After Target 1,50.0,30.0,20.0,Balanced_50_30_20,498,468,220,246,47.0,0.54,1.42,172,36.8,55,11.8,44,9.4,165,239,KALYANIFRG (+5.55%),MOREPENLAB (-2.50%),trades_T1_3.5_T2_6.0_T3_10.0_SL_2.5_H5_TSL2.0_BE_Q1_50_Q2_30.csv
COMBO_0108,4.0,8.0,15.0,2.5,5,True,2.0,After Target 1,50.0,30.0,20.0,Balanced_50_30_20,498,468,197,269,42.1,0.54,1.38,173,37.0,50,10.7,19,4.1,165,262,PAR (+7.40%),MOREPENLAB (-2.50%),trades_T1_4.0_T2_8.0_T3_15.0_SL_2.5_H5_TSL2.0_BE_Q1_50_Q2_30.csv
COMBO_0056,3.0,6.0,10.0,2.5,3,True,2.0,After Target 1,50.0,30.0,20.0,Balanced_50_30_20,498,468,235,230,50.2,0.53,1.44,186,39.7,46,9.8,42,9.0,177,220,KALYANIFRG (+5.30%),MODISONLTD (-2.50%),trades_T1_3.0_T2_6.0_T3_10.0_SL_2.5_H3_TSL2.0_BE_Q1_50_Q2_30.csv
COMBO_0076,3.5,6.0,10.0,2.5,7,True,2.0,After Target 1,50.0,30.0,20.0,Balanced_50_30_20,498,468,219,247,46.8,0.53,1.41,169,36.1,51,10.9,48,10.3,166,242,KALYANIFRG (+5.55%),MOREPENLAB (-2.50%),trades_T1_3.5_T2_6.0_T3_10.0_SL_2.5_H7_TSL2.0_BE_Q1_50_Q2_30.csv
COMBO_0104,4.0,8.0,15.0,2.5,3,True,2.0,After Target 1,50.0,30.0,20.0,Balanced_50_30_20,498,468,199,265,42.5,0.53,1.38,162,34.6,50,10.7,18,3.8,158,251,PAR (+7.40%),MOREPENLAB (-2.50%),trades_T1_4.0_T2_8.0_T3_15.0_SL_2.5_H3_TSL2.0_BE_Q1_50_Q2_30.csv
COMBO_0112,4.0,8.0,15.0,2.5,7,True,2.0,After Target 1,50.0,30.0,20.0,Balanced_50_30_20,498,468,196,270,41.9,0.53,1.37,173,37.0,54,11.5,19,4.1,165,265,PAR (+7.40%),MOREPENLAB (-2.50%),trades_T1_4.0_T2_8.0_T3_15.0_SL_2.5_H7_TSL2.0_BE_Q1_50_Q2_30.csv
COMBO_0060,3.0,6.0,10.0,2.5,5,True,2.0,After Target 1,50.0,30.0,20.0,Balanced_50_30_20,498,468,233,233,49.8,0.52,1.42,188,40.2,53,11.3,42,9.0,181,227,KALYANIFRG (+5.30%),MODISONLTD (-2.50%),trades_T1_3.0_T2_6.0_T3_10.0_SL_2.5_H5_TSL2.0_BE_Q1_50_Q2_30.csv
COMBO_0096,4.0,8.0,12.0,2.5,5,True,2.0,After Target 1,50.0,30.0,20.0,Balanced_50_30_20,498,468,197,269,42.1,0.52,1.37,158,33.8,35,7.5,34,7.3,150,262,KALYANIFRG (+6.80%),MOREPENLAB (-2.50%),trades_T1_4.0_T2_8.0_T3_12.0_SL_2.5_H5_TSL2.0_BE_Q1_50_Q2_30.csv
COMBO_0100,4.0,8.0,12.0,2.5,7,True,2.0,After Target 1,50.0,30.0,20.0,Balanced_50_30_20,498,468,196,270,41.9,0.52,1.36,158,33.8,39,8.3,34,7.3,150,265,KALYANIFRG (+6.80%),MOREPENLAB (-2.50%),trades_T1_4.0_T2_8.0_T3_12.0_SL_2.5_H7_TSL2.0_BE_Q1_50_Q2_30.csv
COMBO_0179,3.5,6.0,10.0,2.0,3,False,0.0,None,100.0,0.0,0.0,FullExitT1_100,498,468,213,252,45.5,0.51,1.48,168,35.9,48,10.3,40,8.5,0,248,MANALIPETC (+3.50%),MOREPENLAB (-2.00%),trades_T1_3.5_T2_6.0_T3_10.0_SL_2.0_H3_NoTSL_Q1_100_Q2_0.csv
COMBO_0180,3.5,6.0,10.0,2.0,3,True,2.0,After Target 1,100.0,0.0,0.0,FullExitT1_100,498,468,213,252,45.5,0.51,1.48,168,35.9,48,10.3,40,8.5,0,248,MANALIPETC (+3.50%),MOREPENLAB (-2.00%),trades_T1_3.5_T2_6.0_T3_10.0_SL_2.0_H3_TSL2.0_BE_Q1_100_Q2_0.csv
COMBO_0064,3.0,6.0,10.0,2.5,7,True,2.0,After Target 1,50.0,30.0,20.0,Balanced_50_30_20,498,468,232,234,49.6,0.51,1.41,185,39.5,49,10.5,46,9.8,182,230,KALYANIFRG (+5.30%),MODISONLTD (-2.50%),trades_T1_3.0_T2_6.0_T3_10.0_SL_2.5_H7_TSL2.0_BE_Q1_50_Q2_30.csv
COMBO_0092,4.0,8.0,12.0,2.5,3,True,2.0,After Target 1,50.0,30.0,20.0,Balanced_50_30_20,498,468,199,265,42.5,0.51,1.37,147,31.4,35,7.5,33,7.1,143,251,KALYANIFRG (+6.80%),MOREPENLAB (-2.50%),trades_T1_4.0_T2_8.0_T3_12.0_SL_2.5_H3_TSL2.0_BE_Q1_50_Q2_30.csv
COMBO_0177,3.5,6.0,10.0,2.0,2,False,0.0,None,100.0,0.0,0.0,FullExitT1_100,498,468,217,249,46.4,0.5,1.48,155,33.1,47,10.0,40,8.5,0,235,MANALIPETC (+3.50%),MOREPENLAB (-2.00%),trades_T1_3.5_T2_6.0_T3_10.0_SL_2.0_H2_NoTSL_Q1_100_Q2_0.csv
COMBO_0178,3.5,6.0,10.0,2.0,2,True,2.0,After Target 1,100.0,0.0,0.0,FullExitT1_100,498,468,217,249,46.4,0.5,1.48,155,33.1,47,10.0,40,8.5,0,235,MANALIPETC (+3.50%),MOREPENLAB (-2.00%),trades_T1_3.5_T2_6.0_T3_10.0_SL_2.0_H2_TSL2.0_BE_Q1_100_Q2_0.csv
COMBO_0181,3.5,6.0,10.0,2.0,5,False,0.0,None,100.0,0.0,0.0,FullExitT1_100,498,468,213,253,45.5,0.5,1.46,171,36.5,48,10.3,40,8.5,0,253,MANALIPETC (+3.50%),MOREPENLAB (-2.00%),trades_T1_3.5_T2_6.0_T3_10.0_SL_2.0_H5_NoTSL_Q1_100_Q2_0.csv
COMBO_0182,3.5,6.0,10.0,2.0,5,True,2.0,After Target 1,100.0,0.0,0.0,FullExitT1_100,498,468,213,253,45.5,0.5,1.46,171,36.5,48,10.3,40,8.5,0,253,MANALIPETC (+3.50%),MOREPENLAB (-2.00%),trades_T1_3.5_T2_6.0_T3_10.0_SL_2.0_H5_TSL2.0_BE_Q1_100_Q2_0.csv
COMBO_0183,3.5,6.0,10.0,2.0,7,False,0.0,None,100.0,0.0,0.0,FullExitT1_100,498,468,212,254,45.3,0.5,1.46,172,36.8,48,10.3,40,8.5,0,254,MANALIPETC (+3.50%),MOREPENLAB (-2.00%),trades_T1_3.5_T2_6.0_T3_10.0_SL_2.0_H7_NoTSL_Q1_100_Q2_0.csv
COMBO_0184,3.5,6.0,10.0,2.0,7,True,2.0,After Target 1,100.0,0.0,0.0,FullExitT1_100,498,468,212,254,45.3,0.5,1.46,172,36.8,48,10.3,40,8.5,0,254,MANALIPETC (+3.50%),MOREPENLAB (-2.00%),trades_T1_3.5_T2_6.0_T3_10.0_SL_2.0_H7_TSL2.0_BE_Q1_100_Q2_0.csv
COMBO_0157,3.5,6.0,10.0,3.0,3,True,2.0,After Target 1,50.0,30.0,20.0,Balanced_50_30_20,498,468,235,230,50.2,0.49,1.35,178,38.0,51,10.9,45,9.6,170,212,KALYANIFRG (+5.55%),MOREPENLAB (-3.00%),trades_T1_3.5_T2_6.0_T3_10.0_SL_3.0_H3_TSL2.0_BE_Q1_50_Q2_30.csv
COMBO_0132,5.0,10.0,20.0,2.5,5,True,2.0,After Target 1,50.0,30.0,20.0,Balanced_50_30_20,498,468,171,295,36.5,0.49,1.31,154,32.9,46,9.8,4,0.9,145,288,BODALCHEM (+9.50%),MANALIPETC (-2.50%),trades_T1_5.0_T2_10.0_T3_20.0_SL_2.5_H5_TSL2.0_BE_Q1_50_Q2_30.csv
COMBO_0136,5.0,10.0,20.0,2.5,7,True,2.0,After Target 1,50.0,30.0,20.0,Balanced_50_30_20,498,468,168,298,35.9,0.48,1.31,156,33.3,50,10.7,4,0.9,148,293,BODALCHEM (+9.50%),MANALIPETC (-2.50%),trades_T1_5.0_T2_10.0_T3_20.0_SL_2.5_H7_TSL2.0_BE_Q1_50_Q2_30.csv
COMBO_0158,3.5,6.0,10.0,3.0,5,True,2.0,After Target 1,50.0,30.0,20.0,Balanced_50_30_20,498,468,234,232,50.0,0.47,1.33,182,38.9,58,12.4,45,9.6,175,222,KALYANIFRG (+5.55%),MOREPENLAB (-3.00%),trades_T1_3.5_T2_6.0_T3_10.0_SL_3.0_H5_TSL2.0_BE_Q1_50_Q2_30.csv
COMBO_0128,5.0,10.0,20.0,2.5,3,True,2.0,After Target 1,50.0,30.0,20.0,Balanced_50_30_20,498,468,174,289,37.2,0.47,1.31,141,30.1,47,10.0,3,0.6,137,274,BODALCHEM (+9.50%),MANALIPETC (-2.50%),trades_T1_5.0_T2_10.0_T3_20.0_SL_2.5_H3_TSL2.0_BE_Q1_50_Q2_30.csv
COMBO_0155,3.0,6.0,10.0,3.0,3,True,2.0,After Target 1,50.0,30.0,20.0,Balanced_50_30_20,498,468,247,218,52.8,0.46,1.35,195,41.7,49,10.5,43,9.2,186,203,KALYANIFRG (+5.30%),MODISONLTD (-3.00%),trades_T1_3.0_T2_6.0_T3_10.0_SL_3.0_H3_TSL2.0_BE_Q1_50_Q2_30.csv
COMBO_0156,3.0,6.0,10.0,3.0,5,True,2.0,After Target 1,50.0,30.0,20.0,Balanced_50_30_20,498,468,246,220,52.6,0.45,1.33,198,42.3,56,12.0,43,9.2,191,211,KALYANIFRG (+5.30%),MODISONLTD (-3.00%),trades_T1_3.0_T2_6.0_T3_10.0_SL_3.0_H5_TSL2.0_BE_Q1_50_Q2_30.csv
COMBO_0120,5.0,8.0,15.0,2.5,5,True,2.0,After Target 1,50.0,30.0,20.0,Balanced_50_30_20,498,468,171,295,36.5,0.44,1.28,138,29.5,59,12.6,20,4.3,129,288,PAR (+7.90%),MANALIPETC (-2.50%),trades_T1_5.0_T2_8.0_T3_15.0_SL_2.5_H5_TSL2.0_BE_Q1_50_Q2_30.csv
COMBO_0159,4.0,8.0,12.0,3.0,3,True,2.0,After Target 1,50.0,30.0,20.0,Balanced_50_30_20,498,468,212,252,45.3,0.43,1.28,156,33.3,36,7.7,33,7.1,152,232,KALYANIFRG (+6.80%),MOREPENLAB (-3.00%),trades_T1_4.0_T2_8.0_T3_12.0_SL_3.0_H3_TSL2.0_BE_Q1_50_Q2_30.csv
COMBO_0124,5.0,8.0,15.0,2.5,7,True,2.0,After Target 1,50.0,30.0,20.0,Balanced_50_30_20,498,468,168,298,35.9,0.43,1.27,140,29.9,64,13.7,20,4.3,132,293,PAR (+7.90%),MANALIPETC (-2.50%),trades_T1_5.0_T2_8.0_T3_15.0_SL_2.5_H7_TSL2.0_BE_Q1_50_Q2_30.csv
COMBO_0195,3.5,6.0,10.0,2.0,3,False,0.0,None,70.0,30.0,0.0,HeavyT1_70_30,498,468,213,252,45.5,0.42,1.4,148,31.6,52,11.1,60,12.8,24,248,IVC (+4.25%),MOREPENLAB (-2.00%),trades_T1_3.5_T2_6.0_T3_10.0_SL_2.0_H3_NoTSL_Q1_70_Q2_30.csv
COMBO_0116,5.0,8.0,15.0,2.5,3,True,2.0,After Target 1,50.0,30.0,20.0,Balanced_50_30_20,498,468,174,289,37.2,0.42,1.28,125,26.7,58,12.4,19,4.1,121,274,PAR (+7.90%),MANALIPETC (-2.50%),trades_T1_5.0_T2_8.0_T3_15.0_SL_2.5_H3_TSL2.0_BE_Q1_50_Q2_30.csv
COMBO_0160,4.0,8.0,12.0,3.0,5,True,2.0,After Target 1,50.0,30.0,20.0,Balanced_50_30_20,498,468,210,256,44.9,0.42,1.26,167,35.7,36,7.7,34,7.3,159,245,KALYANIFRG (+6.80%),MOREPENLAB (-3.00%),trades_T1_4.0_T2_8.0_T3_12.0_SL_3.0_H5_TSL2.0_BE_Q1_50_Q2_30.csv
COMBO_0193,3.5,6.0,10.0,2.0,2,False,0.0,None,70.0,30.0,0.0,HeavyT1_70_30,498,468,217,249,46.4,0.41,1.4,146,31.2,55,11.8,49,10.5,17,235,IVC (+4.25%),MOREPENLAB (-2.00%),trades_T1_3.5_T2_6.0_T3_10.0_SL_2.0_H2_NoTSL_Q1_70_Q2_30.csv
COMBO_0197,3.5,6.0,10.0,2.0,5,False,0.0,None,70.0,30.0,0.0,HeavyT1_70_30,498,468,213,253,45.5,0.4,1.37,146,31.2,56,12.0,65,13.9,31,253,IVC (+4.25%),MOREPENLAB (-2.00%),trades_T1_3.5_T2_6.0_T3_10.0_SL_2.0_H5_NoTSL_Q1_70_Q2_30.csv
COMBO_0199,3.5,6.0,10.0,2.0,7,False,0.0,None,70.0,30.0,0.0,HeavyT1_70_30,498,468,212,254,45.3,0.39,1.36,141,30.1,50,10.7,71,15.2,37,254,IVC (+4.25%),MOREPENLAB (-2.00%),trades_T1_3.5_T2_6.0_T3_10.0_SL_2.0_H7_NoTSL_Q1_70_Q2_30.csv
COMBO_0041,2.5,5.0,8.0,2.0,3,False,0.0,None,50.0,30.0,20.0,Balanced_50_30_20,498,468,253,212,54.1,0.38,1.42,162,34.6,53,11.3,87,18.6,36,210,IVC (+4.35%),IVP (-2.00%),trades_T1_2.5_T2_5.0_T3_8.0_SL_2.0_H3_NoTSL_Q1_50_Q2_30.csv
COMBO_0077,3.5,7.0,12.0,2.0,3,False,0.0,None,50.0,30.0,20.0,Balanced_50_30_20,498,468,213,252,45.5,0.37,1.35,163,34.8,52,11.1,45,9.6,21,248,IVC (+6.25%),MOREPENLAB (-2.00%),trades_T1_3.5_T2_7.0_T3_12.0_SL_2.0_H3_NoTSL_Q1_50_Q2_30.csv
COMBO_0001,3.5,6.0,10.0,2.0,2,False,0.0,None,50.0,30.0,20.0,Balanced_50_30_20,498,468,217,249,46.4,0.36,1.35,146,31.2,55,11.8,49,10.5,17,235,KALYANIFRG (+5.55%),MOREPENLAB (-2.00%),trades_T1_3.5_T2_6.0_T3_10.0_SL_2.0_H2_NoTSL_Q1_50_Q2_30.csv
COMBO_0010,3.5,6.0,10.0,2.0,3,False,0.0,None,50.0,50.0,0.0,TwoTier_50_50,498,468,213,252,45.5,0.36,1.34,160,34.2,64,13.7,48,10.3,0,248,IVC (+4.75%),MOREPENLAB (-2.00%),trades_T1_3.5_T2_6.0_T3_10.0_SL_2.0_H3_NoTSL_Q1_50_Q2_50.csv
COMBO_0045,2.5,5.0,8.0,2.0,5,False,0.0,None,50.0,30.0,20.0,Balanced_50_30_20,498,468,252,214,53.8,0.35,1.39,159,34.0,59,12.6,91,19.4,40,214,IVC (+4.35%),IVP (-2.00%),trades_T1_2.5_T2_5.0_T3_8.0_SL_2.0_H5_NoTSL_Q1_50_Q2_30.csv
COMBO_0002,3.5,6.0,10.0,2.0,2,False,0.0,None,50.0,50.0,0.0,TwoTier_50_50,498,468,217,249,46.4,0.35,1.34,149,31.8,58,12.4,46,9.8,0,235,IVC (+4.75%),MOREPENLAB (-2.00%),trades_T1_3.5_T2_6.0_T3_10.0_SL_2.0_H2_NoTSL_Q1_50_Q2_50.csv
COMBO_0009,3.5,6.0,10.0,2.0,3,False,0.0,None,50.0,30.0,20.0,Balanced_50_30_20,498,468,213,252,45.5,0.35,1.33,148,31.6,52,11.1,60,12.8,24,248,IVC (+5.55%),MOREPENLAB (-2.00%),trades_T1_3.5_T2_6.0_T3_10.0_SL_2.0_H3_NoTSL_Q1_50_Q2_30.csv
COMBO_0049,2.5,5.0,8.0,2.0,7,False,0.0,None,50.0,30.0,20.0,Balanced_50_30_20,498,468,252,214,53.8,0.34,1.38,156,33.3,54,11.5,96,20.5,45,214,IVC (+4.35%),IVP (-2.00%),trades_T1_2.5_T2_5.0_T3_8.0_SL_2.0_H7_NoTSL_Q1_50_Q2_30.csv
COMBO_0018,3.5,6.0,10.0,2.0,5,False,0.0,None,50.0,50.0,0.0,TwoTier_50_50,498,468,213,253,45.5,0.34,1.31,163,34.8,73,15.6,48,10.3,0,253,IVC (+4.75%),MOREPENLAB (-2.00%),trades_T1_3.5_T2_6.0_T3_10.0_SL_2.0_H5_NoTSL_Q1_50_Q2_50.csv
COMBO_0081,3.5,7.0,12.0,2.0,5,False,0.0,None,50.0,30.0,20.0,Balanced_50_30_20,498,468,213,253,45.5,0.34,1.31,163,34.8,59,12.6,48,10.3,26,253,IVC (+6.25%),MOREPENLAB (-2.00%),trades_T1_3.5_T2_7.0_T3_12.0_SL_2.0_H5_NoTSL_Q1_50_Q2_30.csv
COMBO_0017,3.5,6.0,10.0,2.0,5,False,0.0,None,50.0,30.0,20.0,Balanced_50_30_20,498,468,213,253,45.5,0.33,1.31,146,31.2,56,12.0,65,13.9,31,253,IVC (+5.55%),MOREPENLAB (-2.00%),trades_T1_3.5_T2_6.0_T3_10.0_SL_2.0_H5_NoTSL_Q1_50_Q2_30.csv
COMBO_0089,4.0,8.0,12.0,2.0,3,False,0.0,None,50.0,30.0,20.0,Balanced_50_30_20,498,468,188,276,40.2,0.33,1.29,130,27.8,42,9.0,45,9.6,14,271,IVC (+6.80%),MOREPENLAB (-2.00%),trades_T1_4.0_T2_8.0_T3_12.0_SL_2.0_H3_NoTSL_Q1_50_Q2_30.csv
COMBO_0101,4.0,8.0,15.0,2.0,3,False,0.0,None,50.0,30.0,20.0,Balanced_50_30_20,498,468,188,276,40.2,0.33,1.28,143,30.6,55,11.8,32,6.8,21,271,IVC (+7.40%),MOREPENLAB (-2.00%),trades_T1_4.0_T2_8.0_T3_15.0_SL_2.0_H3_NoTSL_Q1_50_Q2_30.csv
COMBO_0026,3.5,6.0,10.0,2.0,7,False,0.0,None,50.0,50.0,0.0,TwoTier_50_50,498,468,212,254,45.3,0.32,1.29,164,35.0,73,15.6,48,10.3,0,254,IVC (+4.75%),MOREPENLAB (-2.00%),trades_T1_3.5_T2_6.0_T3_10.0_SL_2.0_H7_NoTSL_Q1_50_Q2_50.csv
COMBO_0053,3.0,6.0,10.0,2.0,3,False,0.0,None,50.0,30.0,20.0,Balanced_50_30_20,498,468,226,239,48.3,0.31,1.31,162,34.6,52,11.1,60,12.8,24,236,IVC (+5.30%),MODISONLTD (-2.00%),trades_T1_3.0_T2_6.0_T3_10.0_SL_2.0_H3_NoTSL_Q1_50_Q2_30.csv
COMBO_0185,3.5,6.0,10.0,2.0,2,False,0.0,None,33.0,33.0,34.0,Equal_33_33_34,498,468,150,316,32.1,0.31,1.3,146,31.2,55,11.8,49,10.5,17,235,KALYANIFRG (+6.53%),MOREPENLAB (-2.00%),trades_T1_3.5_T2_6.0_T3_10.0_SL_2.0_H2_NoTSL_Q1_33_Q2_33.csv
COMBO_0034,3.5,6.0,10.0,2.0,10,False,0.0,None,50.0,50.0,0.0,TwoTier_50_50,498,468,212,254,45.3,0.31,1.29,164,35.0,73,15.6,48,10.3,0,254,IVC (+4.75%),MOREPENLAB (-2.00%),trades_T1_3.5_T2_6.0_T3_10.0_SL_2.0_H10_NoTSL_Q1_50_Q2_50.csv
COMBO_0201,3.5,6.0,10.0,2.0,2,False,0.0,None,30.0,30.0,40.0,RunnerHeavy_30_30_40,498,468,149,316,31.8,0.31,1.28,146,31.2,55,11.8,49,10.5,17,235,KALYANIFRG (+6.85%),MOREPENLAB (-2.00%),trades_T1_3.5_T2_6.0_T3_10.0_SL_2.0_H2_NoTSL_Q1_30_Q2_30.csv
COMBO_0093,4.0,8.0,12.0,2.0,5,False,0.0,None,50.0,30.0,20.0,Balanced_50_30_20,498,468,188,278,40.2,0.31,1.26,137,29.3,43,9.2,48,10.3,19,278,IVC (+6.80%),MOREPENLAB (-2.00%),trades_T1_4.0_T2_8.0_T3_12.0_SL_2.0_H5_NoTSL_Q1_50_Q2_30.csv
COMBO_0025,3.5,6.0,10.0,2.0,7,False,0.0,None,50.0,30.0,20.0,Balanced_50_30_20,498,468,212,254,45.3,0.3,1.28,141,30.1,50,10.7,71,15.2,37,254,IVC (+5.55%),MOREPENLAB (-2.00%),trades_T1_3.5_T2_6.0_T3_10.0_SL_2.0_H7_NoTSL_Q1_50_Q2_30.csv
COMBO_0187,3.5,6.0,10.0,2.0,3,False,0.0,None,33.0,33.0,34.0,Equal_33_33_34,498,468,140,325,29.9,0.3,1.27,148,31.6,52,11.1,60,12.8,24,248,IVC (+6.53%),MOREPENLAB (-2.00%),trades_T1_3.5_T2_6.0_T3_10.0_SL_2.0_H3_NoTSL_Q1_33_Q2_33.csv
COMBO_0105,4.0,8.0,15.0,2.0,5,False,0.0,None,50.0,30.0,20.0,Balanced_50_30_20,498,468,188,278,40.2,0.3,1.25,149,31.8,55,11.8,36,7.7,29,278,IVC (+7.40%),MOREPENLAB (-2.00%),trades_T1_4.0_T2_8.0_T3_15.0_SL_2.0_H5_NoTSL_Q1_50_Q2_30.csv
COMBO_0057,3.0,6.0,10.0,2.0,5,False,0.0,None,50.0,30.0,20.0,Balanced_50_30_20,498,468,226,240,48.3,0.29,1.28,159,34.0,56,12.0,65,13.9,31,240,IVC (+5.30%),MODISONLTD (-2.00%),trades_T1_3.0_T2_6.0_T3_10.0_SL_2.0_H5_NoTSL_Q1_50_Q2_30.csv
COMBO_0033,3.5,6.0,10.0,2.0,10,False,0.0,None,50.0,30.0,20.0,Balanced_50_30_20,498,468,212,254,45.3,0.29,1.27,140,29.9,49,10.5,72,15.4,41,254,IVC (+5.55%),MOREPENLAB (-2.00%),trades_T1_3.5_T2_6.0_T3_10.0_SL_2.0_H10_NoTSL_Q1_50_Q2_30.csv
COMBO_0085,3.5,7.0,12.0,2.0,7,False,0.0,None,50.0,30.0,20.0,Balanced_50_30_20,498,468,212,254,45.3,0.29,1.27,164,35.0,59,12.6,48,10.3,34,254,IVC (+6.25%),MOREPENLAB (-2.00%),trades_T1_3.5_T2_7.0_T3_12.0_SL_2.0_H7_NoTSL_Q1_50_Q2_30.csv
COMBO_0203,3.5,6.0,10.0,2.0,3,False,0.0,None,30.0,30.0,40.0,RunnerHeavy_30_30_40,498,468,139,326,29.7,0.29,1.26,148,31.6,52,11.1,60,12.8,24,248,IVC (+6.85%),MOREPENLAB (-2.00%),trades_T1_3.5_T2_6.0_T3_10.0_SL_2.0_H3_NoTSL_Q1_30_Q2_30.csv
COMBO_0113,5.0,8.0,15.0,2.0,3,False,0.0,None,50.0,30.0,20.0,Balanced_50_30_20,498,468,160,304,34.2,0.28,1.22,108,23.1,55,11.8,32,6.8,21,299,IVC (+7.90%),MANALIPETC (-2.00%),trades_T1_5.0_T2_8.0_T3_15.0_SL_2.0_H3_NoTSL_Q1_50_Q2_30.csv
COMBO_0189,3.5,6.0,10.0,2.0,5,False,0.0,None,33.0,33.0,34.0,Equal_33_33_34,498,468,132,334,28.2,0.27,1.24,146,31.2,56,12.0,65,13.9,31,253,IVC (+6.53%),MOREPENLAB (-2.00%),trades_T1_3.5_T2_6.0_T3_10.0_SL_2.0_H5_NoTSL_Q1_33_Q2_33.csv
COMBO_0061,3.0,6.0,10.0,2.0,7,False,0.0,None,50.0,30.0,20.0,Balanced_50_30_20,498,468,225,241,48.1,0.26,1.25,154,32.9,50,10.7,71,15.2,37,241,IVC (+5.30%),MODISONLTD (-2.00%),trades_T1_3.0_T2_6.0_T3_10.0_SL_2.0_H7_NoTSL_Q1_50_Q2_30.csv
COMBO_0205,3.5,6.0,10.0,2.0,5,False,0.0,None,30.0,30.0,40.0,RunnerHeavy_30_30_40,498,468,132,334,28.2,0.26,1.23,146,31.2,56,12.0,65,13.9,31,253,IVC (+6.85%),MOREPENLAB (-2.00%),trades_T1_3.5_T2_6.0_T3_10.0_SL_2.0_H5_NoTSL_Q1_30_Q2_30.csv
COMBO_0097,4.0,8.0,12.0,2.0,7,False,0.0,None,50.0,30.0,20.0,Balanced_50_30_20,498,468,187,279,40.0,0.26,1.22,137,29.3,48,10.3,48,10.3,27,279,IVC (+6.80%),MOREPENLAB (-2.00%),trades_T1_4.0_T2_8.0_T3_12.0_SL_2.0_H7_NoTSL_Q1_50_Q2_30.csv
COMBO_0043,2.5,5.0,8.0,2.5,3,False,0.0,None,50.0,30.0,20.0,Balanced_50_30_20,498,468,185,203,39.5,0.25,1.24,163,34.8,51,10.9,93,19.9,31,197,BLISSGVS (+4.35%),IVP (-2.50%),trades_T1_2.5_T2_5.0_T3_8.0_SL_2.5_H3_NoTSL_Q1_50_Q2_30.csv
COMBO_0109,4.0,8.0,15.0,2.0,7,False,0.0,None,50.0,30.0,20.0,Balanced_50_30_20,498,468,187,279,40.0,0.25,1.21,148,31.6,59,12.6,37,7.9,37,279,IVC (+7.40%),MOREPENLAB (-2.00%),trades_T1_4.0_T2_8.0_T3_15.0_SL_2.0_H7_NoTSL_Q1_50_Q2_30.csv
COMBO_0079,3.5,7.0,12.0,2.5,3,False,0.0,None,50.0,30.0,20.0,Balanced_50_30_20,498,468,222,243,47.4,0.25,1.2,166,35.5,58,12.4,46,9.8,19,230,IVC (+6.25%),MOREPENLAB (-2.50%),trades_T1_3.5_T2_7.0_T3_12.0_SL_2.5_H3_NoTSL_Q1_50_Q2_30.csv
COMBO_0117,5.0,8.0,15.0,2.0,5,False,0.0,None,50.0,30.0,20.0,Balanced_50_30_20,498,468,156,310,33.3,0.24,1.18,114,24.4,55,11.8,36,7.7,29,310,IVC (+7.90%),MANALIPETC (-2.00%),trades_T1_5.0_T2_8.0_T3_15.0_SL_2.0_H5_NoTSL_Q1_50_Q2_30.csv
COMBO_0047,2.5,5.0,8.0,2.5,5,False,0.0,None,50.0,30.0,20.0,Balanced_50_30_20,498,468,175,207,37.4,0.23,1.21,159,34.0,60,12.8,98,20.9,37,204,BLISSGVS (+4.35%),IVP (-2.50%),trades_T1_2.5_T2_5.0_T3_8.0_SL_2.5_H5_NoTSL_Q1_50_Q2_30.csv
COMBO_0191,3.5,6.0,10.0,2.0,7,False,0.0,None,33.0,33.0,34.0,Equal_33_33_34,498,468,127,339,27.1,0.23,1.2,141,30.1,50,10.7,71,15.2,37,254,IVC (+6.53%),MOREPENLAB (-2.00%),trades_T1_3.5_T2_6.0_T3_10.0_SL_2.0_H7_NoTSL_Q1_33_Q2_33.csv
COMBO_0067,3.5,6.0,10.0,2.5,3,False,0.0,None,50.0,30.0,20.0,Balanced_50_30_20,498,468,222,243,47.4,0.23,1.19,146,31.2,52,11.1,66,14.1,21,230,IVC (+5.55%),MOREPENLAB (-2.50%),trades_T1_3.5_T2_6.0_T3_10.0_SL_2.5_H3_NoTSL_Q1_50_Q2_30.csv
COMBO_0051,2.5,5.0,8.0,2.5,7,False,0.0,None,50.0,30.0,20.0,Balanced_50_30_20,498,468,172,207,36.8,0.21,1.19,154,32.9,55,11.8,105,22.4,43,206,BLISSGVS (+4.35%),IVP (-2.50%),trades_T1_2.5_T2_5.0_T3_8.0_SL_2.5_H7_NoTSL_Q1_50_Q2_30.csv
COMBO_0207,3.5,6.0,10.0,2.0,7,False,0.0,None,30.0,30.0,40.0,RunnerHeavy_30_30_40,498,468,127,339,27.1,0.21,1.19,141,30.1,50,10.7,71,15.2,37,254,IVC (+6.85%),MOREPENLAB (-2.00%),trades_T1_3.5_T2_6.0_T3_10.0_SL_2.0_H7_NoTSL_Q1_30_Q2_30.csv
COMBO_0083,3.5,7.0,12.0,2.5,5,False,0.0,None,50.0,30.0,20.0,Balanced_50_30_20,498,468,220,246,47.0,0.21,1.17,165,35.3,64,13.7,51,10.9,26,239,BLISSGVS (+6.25%),MOREPENLAB (-2.50%),trades_T1_3.5_T2_7.0_T3_12.0_SL_2.5_H5_NoTSL_Q1_50_Q2_30.csv
COMBO_0071,3.5,6.0,10.0,2.5,5,False,0.0,None,50.0,30.0,20.0,Balanced_50_30_20,498,468,220,246,47.0,0.21,1.16,144,30.8,56,12.0,72,15.4,29,239,BLISSGVS (+5.55%),MOREPENLAB (-2.50%),trades_T1_3.5_T2_6.0_T3_10.0_SL_2.5_H5_NoTSL_Q1_50_Q2_30.csv
COMBO_0091,4.0,8.0,12.0,2.5,3,False,0.0,None,50.0,30.0,20.0,Balanced_50_30_20,498,468,199,265,42.5,0.21,1.16,134,28.6,47,10.0,46,9.8,13,251,IVC (+6.80%),MOREPENLAB (-2.50%),trades_T1_4.0_T2_8.0_T3_12.0_SL_2.5_H3_NoTSL_Q1_50_Q2_30.csv
COMBO_0125,5.0,10.0,20.0,2.0,3,False,0.0,None,50.0,30.0,20.0,Balanced_50_30_20,498,468,160,304,34.2,0.21,1.16,125,26.7,45,9.6,15,3.2,17,299,IVC (+9.50%),MANALIPETC (-2.00%),trades_T1_5.0_T2_10.0_T3_20.0_SL_2.0_H3_NoTSL_Q1_50_Q2_30.csv
COMBO_0103,4.0,8.0,15.0,2.5,3,False,0.0,None,50.0,30.0,20.0,Balanced_50_30_20,498,468,199,265,42.5,0.21,1.15,147,31.4,60,12.8,33,7.1,19,251,IVC (+7.40%),MOREPENLAB (-2.50%),trades_T1_4.0_T2_8.0_T3_15.0_SL_2.5_H3_NoTSL_Q1_50_Q2_30.csv
COMBO_0055,3.0,6.0,10.0,2.5,3,False,0.0,None,50.0,30.0,20.0,Balanced_50_30_20,498,468,235,230,50.2,0.2,1.16,162,34.6,52,11.1,66,14.1,21,220,IVC (+5.30%),MODISONLTD (-2.50%),trades_T1_3.0_T2_6.0_T3_10.0_SL_2.5_H3_NoTSL_Q1_50_Q2_30.csv
COMBO_0121,5.0,8.0,15.0,2.0,7,False,0.0,None,50.0,30.0,20.0,Balanced_50_30_20,498,468,154,312,32.9,0.19,1.14,113,24.1,59,12.6,37,7.9,37,312,IVC (+7.90%),MANALIPETC (-2.00%),trades_T1_5.0_T2_8.0_T3_15.0_SL_2.0_H7_NoTSL_Q1_50_Q2_30.csv
COMBO_0095,4.0,8.0,12.0,2.5,5,False,0.0,None,50.0,30.0,20.0,Balanced_50_30_20,498,468,197,269,42.1,0.19,1.13,141,30.1,47,10.0,51,10.9,19,262,BLISSGVS (+6.80%),MOREPENLAB (-2.50%),trades_T1_4.0_T2_8.0_T3_12.0_SL_2.5_H5_NoTSL_Q1_50_Q2_30.csv
COMBO_0107,4.0,8.0,15.0,2.5,5,False,0.0,None,50.0,30.0,20.0,Balanced_50_30_20,498,468,197,269,42.1,0.18,1.13,155,33.1,61,13.0,37,7.9,28,262,IVC (+7.40%),MOREPENLAB (-2.50%),trades_T1_4.0_T2_8.0_T3_15.0_SL_2.5_H5_NoTSL_Q1_50_Q2_30.csv
COMBO_0059,3.0,6.0,10.0,2.5,5,False,0.0,None,50.0,30.0,20.0,Balanced_50_30_20,498,468,233,233,49.8,0.17,1.14,158,33.8,56,12.0,72,15.4,29,227,BLISSGVS (+5.30%),MODISONLTD (-2.50%),trades_T1_3.0_T2_6.0_T3_10.0_SL_2.5_H5_NoTSL_Q1_50_Q2_30.csv
COMBO_0075,3.5,6.0,10.0,2.5,7,False,0.0,None,50.0,30.0,20.0,Balanced_50_30_20,498,468,219,247,46.8,0.17,1.13,138,29.5,52,11.1,79,16.9,35,242,BLISSGVS (+5.55%),MOREPENLAB (-2.50%),trades_T1_3.5_T2_6.0_T3_10.0_SL_2.5_H7_NoTSL_Q1_50_Q2_30.csv
COMBO_0115,5.0,8.0,15.0,2.5,3,False,0.0,None,50.0,30.0,20.0,Balanced_50_30_20,498,468,174,289,37.2,0.17,1.11,111,23.7,60,12.8,33,7.1,19,274,IVC (+7.90%),MANALIPETC (-2.50%),trades_T1_5.0_T2_8.0_T3_15.0_SL_2.5_H3_NoTSL_Q1_50_Q2_30.csv
COMBO_0087,3.5,7.0,12.0,2.5,7,False,0.0,None,50.0,30.0,20.0,Balanced_50_30_20,498,468,219,247,46.8,0.16,1.12,165,35.3,66,14.1,52,11.1,36,242,BLISSGVS (+6.25%),MOREPENLAB (-2.50%),trades_T1_3.5_T2_7.0_T3_12.0_SL_2.5_H7_NoTSL_Q1_50_Q2_30.csv
COMBO_0129,5.0,10.0,20.0,2.0,5,False,0.0,None,50.0,30.0,20.0,Balanced_50_30_20,498,468,156,310,33.3,0.16,1.12,131,28.0,46,9.8,19,4.1,22,310,IVC (+9.50%),MANALIPETC (-2.00%),trades_T1_5.0_T2_10.0_T3_20.0_SL_2.0_H5_NoTSL_Q1_50_Q2_30.csv
COMBO_0119,5.0,8.0,15.0,2.5,5,False,0.0,None,50.0,30.0,20.0,Balanced_50_30_20,498,468,171,295,36.5,0.15,1.09,121,25.9,61,13.0,37,7.9,28,288,IVC (+7.90%),MANALIPETC (-2.50%),trades_T1_5.0_T2_8.0_T3_15.0_SL_2.5_H5_NoTSL_Q1_50_Q2_30.csv
COMBO_0063,3.0,6.0,10.0,2.5,7,False,0.0,None,50.0,30.0,20.0,Balanced_50_30_20,498,468,232,234,49.6,0.13,1.11,152,32.5,52,11.1,79,16.9,35,230,BLISSGVS (+5.30%),MODISONLTD (-2.50%),trades_T1_3.0_T2_6.0_T3_10.0_SL_2.5_H7_NoTSL_Q1_50_Q2_30.csv
COMBO_0099,4.0,8.0,12.0,2.5,7,False,0.0,None,50.0,30.0,20.0,Balanced_50_30_20,498,468,196,270,41.9,0.13,1.09,140,29.9,53,11.3,52,11.1,29,265,BLISSGVS (+6.80%),MOREPENLAB (-2.50%),trades_T1_4.0_T2_8.0_T3_12.0_SL_2.5_H7_NoTSL_Q1_50_Q2_30.csv
COMBO_0111,4.0,8.0,15.0,2.5,7,False,0.0,None,50.0,30.0,20.0,Balanced_50_30_20,498,468,196,270,41.9,0.12,1.08,153,32.7,66,14.1,39,8.3,38,265,BLISSGVS (+7.40%),MOREPENLAB (-2.50%),trades_T1_4.0_T2_8.0_T3_15.0_SL_2.5_H7_NoTSL_Q1_50_Q2_30.csv
COMBO_0133,5.0,10.0,20.0,2.0,7,False,0.0,None,50.0,30.0,20.0,Balanced_50_30_20,498,468,154,312,32.9,0.11,1.08,129,27.6,50,10.7,21,4.5,28,312,IVC (+9.50%),MANALIPETC (-2.00%),trades_T1_5.0_T2_10.0_T3_20.0_SL_2.0_H7_NoTSL_Q1_50_Q2_30.csv
COMBO_0127,5.0,10.0,20.0,2.5,3,False,0.0,None,50.0,30.0,20.0,Balanced_50_30_20,498,468,174,289,37.2,0.11,1.07,128,27.4,50,10.7,16,3.4,15,274,IVC (+9.50%),MANALIPETC (-2.50%),trades_T1_5.0_T2_10.0_T3_20.0_SL_2.5_H3_NoTSL_Q1_50_Q2_30.csv
COMBO_0131,5.0,10.0,20.0,2.5,5,False,0.0,None,50.0,30.0,20.0,Balanced_50_30_20,498,468,171,295,36.5,0.08,1.05,138,29.5,52,11.1,20,4.3,21,288,IVC (+9.50%),MANALIPETC (-2.50%),trades_T1_5.0_T2_10.0_T3_20.0_SL_2.5_H5_NoTSL_Q1_50_Q2_30.csv
COMBO_0123,5.0,8.0,15.0,2.5,7,False,0.0,None,50.0,30.0,20.0,Balanced_50_30_20,498,468,168,298,35.9,0.08,1.05,121,25.9,66,14.1,39,8.3,38,293,BLISSGVS (+7.90%),MANALIPETC (-2.50%),trades_T1_5.0_T2_8.0_T3_15.0_SL_2.5_H7_NoTSL_Q1_50_Q2_30.csv
COMBO_0135,5.0,10.0,20.0,2.5,7,False,0.0,None,50.0,30.0,20.0,Balanced_50_30_20,498,468,168,298,35.9,0.01,1.01,138,29.5,57,12.2,22,4.7,29,293,IVC (+9.50%),MANALIPETC (-2.50%),trades_T1_5.0_T2_10.0_T3_20.0_SL_2.5_H7_NoTSL_Q1_50_Q2_30.csv
